STRUCTURE,STRUCTURE_ID,STRUCTURE_NAME,ACTION,REF_AREA,Reference area,MEASURE,Measure,UNIT_MEASURE,Unit of measure,MARKET_TYPE,Market type,PHARMACEUTICAL,Pharmaceutical,TIME_PERIOD,Time period,OBS_VALUE,Observation value,OBS_STATUS,Observation status,OBS_STATUS2,Observation status 2,OBS_STATUS3,Observation status 3,UNIT_MULT,Unit multiplier,DECIMALS,Decimals
DATAFLOW,OECD.ELS.HD:HEALTH_PHMC@DF_PHMC_SALES(1.0),Pharmaceuticals sales,I,BEL,Belgium,PH_SALES,Pharmaceutical sales,USD_PPP_PS,"US dollars per person, PPP converted",_Z,Not applicable,_T,Total,2011,,655.3,,,,,,,,0,Units,,
DATAFLOW,OECD.ELS.HD:HEALTH_PHMC@DF_PHMC_SALES(1.0),Pharmaceuticals sales,I,BEL,Belgium,PH_SALES,Pharmaceutical sales,USD_PPP_PS,"US dollars per person, PPP converted",_Z,Not applicable,_T,Total,2012,,652.7,,,,,,,,0,Units,,
DATAFLOW,OECD.ELS.HD:HEALTH_PHMC@DF_PHMC_SALES(1.0),Pharmaceuticals sales,I,BEL,Belgium,PH_SALES,Pharmaceutical sales,USD_PPP_PS,"US dollars per person, PPP converted",_Z,Not applicable,_T,Total,2013,,663.2,,,,,,,,0,Units,,
DATAFLOW,OECD.ELS.HD:HEALTH_PHMC@DF_PHMC_SALES(1.0),Pharmaceuticals sales,I,BEL,Belgium,PH_SALES,Pharmaceutical sales,USD_PPP_PS,"US dollars per person, PPP converted",_Z,Not applicable,_T,Total,2014,,664.8,,,,,,,,0,Units,,
DATAFLOW,OECD.ELS.HD:HEALTH_PHMC@DF_PHMC_SALES(1.0),Pharmaceuticals sales,I,BEL,Belgium,PH_SALES,Pharmaceutical sales,USD_PPP_PS,"US dollars per person, PPP converted",_Z,Not applicable,_T,Total,2015,,688.7,,,,,,,,0,Units,,
DATAFLOW,OECD.ELS.HD:HEALTH_PHMC@DF_PHMC_SALES(1.0),Pharmaceuticals sales,I,BEL,Belgium,PH_SALES,Pharmaceutical sales,USD_PPP_PS,"US dollars per person, PPP converted",_Z,Not applicable,_T,Total,2016,,707.7,,,,,,,,0,Units,,
DATAFLOW,OECD.ELS.HD:HEALTH_PHMC@DF_PHMC_SALES(1.0),Pharmaceuticals sales,I,BEL,Belgium,PH_SALES,Pharmaceutical sales,USD_PPP_PS,"US dollars per person, PPP converted",_Z,Not applicable,_T,Total,2017,,743.3,,,,,,,,0,Units,,
DATAFLOW,OECD.ELS.HD:HEALTH_PHMC@DF_PHMC_SALES(1.0),Pharmaceuticals sales,I,BEL,Belgium,PH_SALES,Pharmaceutical sales,USD_PPP_PS,"US dollars per person, PPP converted",_Z,Not applicable,_T,Total,2018,,764.4,,,,,,,,0,Units,,
DATAFLOW,OECD.ELS.HD:HEALTH_PHMC@DF_PHMC_SALES(1.0),Pharmaceuticals sales,I,BEL,Belgium,PH_SALES,Pharmaceutical sales,USD_PPP_PS,"US dollars per person, PPP converted",_Z,Not applicable,_T,Total,2019,,859.5,,,,,,,,0,Units,,
DATAFLOW,OECD.ELS.HD:HEALTH_PHMC@DF_PHMC_SALES(1.0),Pharmaceuticals sales,I,BEL,Belgium,PH_SALES,Pharmaceutical sales,USD_PPP_PS,"US dollars per person, PPP converted",_Z,Not applicable,_T,Total,2020,,911.8,,,,,,,,0,Units,,
DATAFLOW,OECD.ELS.HD:HEALTH_PHMC@DF_PHMC_SALES(1.0),Pharmaceuticals sales,I,BEL,Belgium,PH_SALES,Pharmaceutical sales,USD_PPP_PS,"US dollars per person, PPP converted",_Z,Not applicable,_T,Total,2021,,916.4,,B,Time series break,,,,,0,Units,,
DATAFLOW,OECD.ELS.HD:HEALTH_PHMC@DF_PHMC_SALES(1.0),Pharmaceuticals sales,I,BEL,Belgium,PH_SALES,Pharmaceutical sales,USD_PPP_PS,"US dollars per person, PPP converted",_Z,Not applicable,_T,Total,2022,,1026.3,,,,,,,,0,Units,,
DATAFLOW,OECD.ELS.HD:HEALTH_PHMC@DF_PHMC_SALES(1.0),Pharmaceuticals sales,I,AUS,Australia,PH_SALES,Pharmaceutical sales,USD_PPP_PS,"US dollars per person, PPP converted",_Z,Not applicable,_T,Total,2011,,304,,D,Definition differs,,,,,0,Units,,
DATAFLOW,OECD.ELS.HD:HEALTH_PHMC@DF_PHMC_SALES(1.0),Pharmaceuticals sales,I,AUS,Australia,PH_SALES,Pharmaceutical sales,USD_PPP_PS,"US dollars per person, PPP converted",_Z,Not applicable,_T,Total,2012,,295.8,,D,Definition differs,,,,,0,Units,,
DATAFLOW,OECD.ELS.HD:HEALTH_PHMC@DF_PHMC_SALES(1.0),Pharmaceuticals sales,I,AUS,Australia,PH_SALES,Pharmaceutical sales,USD_PPP_PS,"US dollars per person, PPP converted",_Z,Not applicable,_T,Total,2013,,353.2,,B,Time series break,D,Definition differs,,,0,Units,,
DATAFLOW,OECD.ELS.HD:HEALTH_PHMC@DF_PHMC_SALES(1.0),Pharmaceuticals sales,I,AUS,Australia,PH_SALES,Pharmaceutical sales,USD_PPP_PS,"US dollars per person, PPP converted",_Z,Not applicable,_T,Total,2014,,348.6,,D,Definition differs,,,,,0,Units,,
DATAFLOW,OECD.ELS.HD:HEALTH_PHMC@DF_PHMC_SALES(1.0),Pharmaceuticals sales,I,AUS,Australia,PH_SALES,Pharmaceutical sales,USD_PPP_PS,"US dollars per person, PPP converted",_Z,Not applicable,_T,Total,2015,,350,,D,Definition differs,,,,,0,Units,,
DATAFLOW,OECD.ELS.HD:HEALTH_PHMC@DF_PHMC_SALES(1.0),Pharmaceuticals sales,I,AUS,Australia,PH_SALES,Pharmaceutical sales,USD_PPP_PS,"US dollars per person, PPP converted",_Z,Not applicable,_T,Total,2016,,436.5,,D,Definition differs,,,,,0,Units,,
DATAFLOW,OECD.ELS.HD:HEALTH_PHMC@DF_PHMC_SALES(1.0),Pharmaceuticals sales,I,AUS,Australia,PH_SALES,Pharmaceutical sales,USD_PPP_PS,"US dollars per person, PPP converted",_Z,Not applicable,_T,Total,2017,,406.6,,D,Definition differs,,,,,0,Units,,
DATAFLOW,OECD.ELS.HD:HEALTH_PHMC@DF_PHMC_SALES(1.0),Pharmaceuticals sales,I,AUS,Australia,PH_SALES,Pharmaceutical sales,USD_PPP_PS,"US dollars per person, PPP converted",_Z,Not applicable,_T,Total,2018,,406,,D,Definition differs,,,,,0,Units,,
DATAFLOW,OECD.ELS.HD:HEALTH_PHMC@DF_PHMC_SALES(1.0),Pharmaceuticals sales,I,AUS,Australia,PH_SALES,Pharmaceutical sales,USD_PPP_PS,"US dollars per person, PPP converted",_Z,Not applicable,_T,Total,2019,,414.9,,D,Definition differs,,,,,0,Units,,
DATAFLOW,OECD.ELS.HD:HEALTH_PHMC@DF_PHMC_SALES(1.0),Pharmaceuticals sales,I,AUS,Australia,PH_SALES,Pharmaceutical sales,USD_PPP_PS,"US dollars per person, PPP converted",_Z,Not applicable,_T,Total,2020,,445.4,,D,Definition differs,,,,,0,Units,,
DATAFLOW,OECD.ELS.HD:HEALTH_PHMC@DF_PHMC_SALES(1.0),Pharmaceuticals sales,I,AUS,Australia,PH_SALES,Pharmaceutical sales,USD_PPP_PS,"US dollars per person, PPP converted",_Z,Not applicable,_T,Total,2021,,472.1,,D,Definition differs,,,,,0,Units,,
DATAFLOW,OECD.ELS.HD:HEALTH_PHMC@DF_PHMC_SALES(1.0),Pharmaceuticals sales,I,AUS,Australia,PH_SALES,Pharmaceutical sales,USD_PPP_PS,"US dollars per person, PPP converted",_Z,Not applicable,_T,Total,2022,,519.3,,D,Definition differs,,,,,0,Units,,
DATAFLOW,OECD.ELS.HD:HEALTH_PHMC@DF_PHMC_SALES(1.0),Pharmaceuticals sales,I,ISL,Iceland,PH_SALES,Pharmaceutical sales,USD_PPP_PS,"US dollars per person, PPP converted",_Z,Not applicable,_T,Total,2011,,605,,,,,,,,0,Units,,
DATAFLOW,OECD.ELS.HD:HEALTH_PHMC@DF_PHMC_SALES(1.0),Pharmaceuticals sales,I,ISL,Iceland,PH_SALES,Pharmaceutical sales,USD_PPP_PS,"US dollars per person, PPP converted",_Z,Not applicable,_T,Total,2012,,552.2,,,,,,,,0,Units,,
DATAFLOW,OECD.ELS.HD:HEALTH_PHMC@DF_PHMC_SALES(1.0),Pharmaceuticals sales,I,ISL,Iceland,PH_SALES,Pharmaceutical sales,USD_PPP_PS,"US dollars per person, PPP converted",_Z,Not applicable,_T,Total,2013,,586.2,,,,,,,,0,Units,,
DATAFLOW,OECD.ELS.HD:HEALTH_PHMC@DF_PHMC_SALES(1.0),Pharmaceuticals sales,I,ISL,Iceland,PH_SALES,Pharmaceutical sales,USD_PPP_PS,"US dollars per person, PPP converted",_Z,Not applicable,_T,Total,2014,,522.9,,,,,,,,0,Units,,
DATAFLOW,OECD.ELS.HD:HEALTH_PHMC@DF_PHMC_SALES(1.0),Pharmaceuticals sales,I,ISL,Iceland,PH_SALES,Pharmaceutical sales,USD_PPP_PS,"US dollars per person, PPP converted",_Z,Not applicable,_T,Total,2015,,519.3,,,,,,,,0,Units,,
DATAFLOW,OECD.ELS.HD:HEALTH_PHMC@DF_PHMC_SALES(1.0),Pharmaceuticals sales,I,ISL,Iceland,PH_SALES,Pharmaceutical sales,USD_PPP_PS,"US dollars per person, PPP converted",_Z,Not applicable,_T,Total,2016,,541.1,,,,,,,,0,Units,,
DATAFLOW,OECD.ELS.HD:HEALTH_PHMC@DF_PHMC_SALES(1.0),Pharmaceuticals sales,I,ISL,Iceland,PH_SALES,Pharmaceutical sales,USD_PPP_PS,"US dollars per person, PPP converted",_Z,Not applicable,_T,Total,2017,,559.2,,,,,,,,0,Units,,
DATAFLOW,OECD.ELS.HD:HEALTH_PHMC@DF_PHMC_SALES(1.0),Pharmaceuticals sales,I,ISL,Iceland,PH_SALES,Pharmaceutical sales,USD_PPP_PS,"US dollars per person, PPP converted",_Z,Not applicable,_T,Total,2018,,606.6,,,,,,,,0,Units,,
DATAFLOW,OECD.ELS.HD:HEALTH_PHMC@DF_PHMC_SALES(1.0),Pharmaceuticals sales,I,ISL,Iceland,PH_SALES,Pharmaceutical sales,USD_PPP_PS,"US dollars per person, PPP converted",_Z,Not applicable,_T,Total,2019,,662.2,,,,,,,,0,Units,,
DATAFLOW,OECD.ELS.HD:HEALTH_PHMC@DF_PHMC_SALES(1.0),Pharmaceuticals sales,I,ISL,Iceland,PH_SALES,Pharmaceutical sales,USD_PPP_PS,"US dollars per person, PPP converted",_Z,Not applicable,_T,Total,2020,,742.3,,,,,,,,0,Units,,
DATAFLOW,OECD.ELS.HD:HEALTH_PHMC@DF_PHMC_SALES(1.0),Pharmaceuticals sales,I,ISL,Iceland,PH_SALES,Pharmaceutical sales,USD_PPP_PS,"US dollars per person, PPP converted",_Z,Not applicable,_T,Total,2021,,807.9,,,,,,,,0,Units,,
DATAFLOW,OECD.ELS.HD:HEALTH_PHMC@DF_PHMC_SALES(1.0),Pharmaceuticals sales,I,IRL,Ireland,PH_SALES,Pharmaceutical sales,USD_PPP_PS,"US dollars per person, PPP converted",_Z,Not applicable,_T,Total,2011,,514.3,,D,Definition differs,,,,,0,Units,,
DATAFLOW,OECD.ELS.HD:HEALTH_PHMC@DF_PHMC_SALES(1.0),Pharmaceuticals sales,I,IRL,Ireland,PH_SALES,Pharmaceutical sales,USD_PPP_PS,"US dollars per person, PPP converted",_Z,Not applicable,_T,Total,2012,,540.8,,D,Definition differs,,,,,0,Units,,
DATAFLOW,OECD.ELS.HD:HEALTH_PHMC@DF_PHMC_SALES(1.0),Pharmaceuticals sales,I,IRL,Ireland,PH_SALES,Pharmaceutical sales,USD_PPP_PS,"US dollars per person, PPP converted",_Z,Not applicable,_T,Total,2013,,523.4,,B,Time series break,D,Definition differs,,,0,Units,,
DATAFLOW,OECD.ELS.HD:HEALTH_PHMC@DF_PHMC_SALES(1.0),Pharmaceuticals sales,I,IRL,Ireland,PH_SALES,Pharmaceutical sales,USD_PPP_PS,"US dollars per person, PPP converted",_Z,Not applicable,_T,Total,2014,,503,,D,Definition differs,,,,,0,Units,,
DATAFLOW,OECD.ELS.HD:HEALTH_PHMC@DF_PHMC_SALES(1.0),Pharmaceuticals sales,I,IRL,Ireland,PH_SALES,Pharmaceutical sales,USD_PPP_PS,"US dollars per person, PPP converted",_Z,Not applicable,_T,Total,2015,,523,,D,Definition differs,,,,,0,Units,,
DATAFLOW,OECD.ELS.HD:HEALTH_PHMC@DF_PHMC_SALES(1.0),Pharmaceuticals sales,I,IRL,Ireland,PH_SALES,Pharmaceutical sales,USD_PPP_PS,"US dollars per person, PPP converted",_Z,Not applicable,_T,Total,2016,,551.4,,D,Definition differs,,,,,0,Units,,
DATAFLOW,OECD.ELS.HD:HEALTH_PHMC@DF_PHMC_SALES(1.0),Pharmaceuticals sales,I,IRL,Ireland,PH_SALES,Pharmaceutical sales,USD_PPP_PS,"US dollars per person, PPP converted",_Z,Not applicable,_T,Total,2017,,558.1,,D,Definition differs,,,,,0,Units,,
DATAFLOW,OECD.ELS.HD:HEALTH_PHMC@DF_PHMC_SALES(1.0),Pharmaceuticals sales,I,IRL,Ireland,PH_SALES,Pharmaceutical sales,USD_PPP_PS,"US dollars per person, PPP converted",_Z,Not applicable,_T,Total,2018,,588.6,,D,Definition differs,,,,,0,Units,,
DATAFLOW,OECD.ELS.HD:HEALTH_PHMC@DF_PHMC_SALES(1.0),Pharmaceuticals sales,I,IRL,Ireland,PH_SALES,Pharmaceutical sales,USD_PPP_PS,"US dollars per person, PPP converted",_Z,Not applicable,_T,Total,2019,,606.8,,D,Definition differs,,,,,0,Units,,
DATAFLOW,OECD.ELS.HD:HEALTH_PHMC@DF_PHMC_SALES(1.0),Pharmaceuticals sales,I,IRL,Ireland,PH_SALES,Pharmaceutical sales,USD_PPP_PS,"US dollars per person, PPP converted",_Z,Not applicable,_T,Total,2020,,620.5,,D,Definition differs,,,,,0,Units,,
DATAFLOW,OECD.ELS.HD:HEALTH_PHMC@DF_PHMC_SALES(1.0),Pharmaceuticals sales,I,IRL,Ireland,PH_SALES,Pharmaceutical sales,USD_PPP_PS,"US dollars per person, PPP converted",_Z,Not applicable,_T,Total,2021,,658.2,,D,Definition differs,,,,,0,Units,,
DATAFLOW,OECD.ELS.HD:HEALTH_PHMC@DF_PHMC_SALES(1.0),Pharmaceuticals sales,I,IRL,Ireland,PH_SALES,Pharmaceutical sales,USD_PPP_PS,"US dollars per person, PPP converted",_Z,Not applicable,_T,Total,2022,,726,,D,Definition differs,,,,,0,Units,,
DATAFLOW,OECD.ELS.HD:HEALTH_PHMC@DF_PHMC_SALES(1.0),Pharmaceuticals sales,I,SVN,Slovenia,PH_SALES,Pharmaceutical sales,USD_PPP_PS,"US dollars per person, PPP converted",_Z,Not applicable,_T,Total,2013,,371.1,,,,,,,,0,Units,,
DATAFLOW,OECD.ELS.HD:HEALTH_PHMC@DF_PHMC_SALES(1.0),Pharmaceuticals sales,I,SVN,Slovenia,PH_SALES,Pharmaceutical sales,USD_PPP_PS,"US dollars per person, PPP converted",_Z,Not applicable,_T,Total,2014,,354.6,,,,,,,,0,Units,,
DATAFLOW,OECD.ELS.HD:HEALTH_PHMC@DF_PHMC_SALES(1.0),Pharmaceuticals sales,I,SVN,Slovenia,PH_SALES,Pharmaceutical sales,USD_PPP_PS,"US dollars per person, PPP converted",_Z,Not applicable,_T,Total,2015,,363.2,,,,,,,,0,Units,,
DATAFLOW,OECD.ELS.HD:HEALTH_PHMC@DF_PHMC_SALES(1.0),Pharmaceuticals sales,I,SVN,Slovenia,PH_SALES,Pharmaceutical sales,USD_PPP_PS,"US dollars per person, PPP converted",_Z,Not applicable,_T,Total,2016,,391.8,,,,,,,,0,Units,,
DATAFLOW,OECD.ELS.HD:HEALTH_PHMC@DF_PHMC_SALES(1.0),Pharmaceuticals sales,I,SVN,Slovenia,PH_SALES,Pharmaceutical sales,USD_PPP_PS,"US dollars per person, PPP converted",_Z,Not applicable,_T,Total,2017,,411.1,,,,,,,,0,Units,,
DATAFLOW,OECD.ELS.HD:HEALTH_PHMC@DF_PHMC_SALES(1.0),Pharmaceuticals sales,I,SVN,Slovenia,PH_SALES,Pharmaceutical sales,USD_PPP_PS,"US dollars per person, PPP converted",_Z,Not applicable,_T,Total,2018,,439.8,,,,,,,,0,Units,,
DATAFLOW,OECD.ELS.HD:HEALTH_PHMC@DF_PHMC_SALES(1.0),Pharmaceuticals sales,I,SVN,Slovenia,PH_SALES,Pharmaceutical sales,USD_PPP_PS,"US dollars per person, PPP converted",_Z,Not applicable,_T,Total,2019,,470,,,,,,,,0,Units,,
DATAFLOW,OECD.ELS.HD:HEALTH_PHMC@DF_PHMC_SALES(1.0),Pharmaceuticals sales,I,SVN,Slovenia,PH_SALES,Pharmaceutical sales,USD_PPP_PS,"US dollars per person, PPP converted",_Z,Not applicable,_T,Total,2020,,494.5,,,,,,,,0,Units,,
DATAFLOW,OECD.ELS.HD:HEALTH_PHMC@DF_PHMC_SALES(1.0),Pharmaceuticals sales,I,SVN,Slovenia,PH_SALES,Pharmaceutical sales,USD_PPP_PS,"US dollars per person, PPP converted",_Z,Not applicable,_T,Total,2021,,516.8,,,,,,,,0,Units,,
DATAFLOW,OECD.ELS.HD:HEALTH_PHMC@DF_PHMC_SALES(1.0),Pharmaceuticals sales,I,SVN,Slovenia,PH_SALES,Pharmaceutical sales,USD_PPP_PS,"US dollars per person, PPP converted",_Z,Not applicable,_T,Total,2022,,584,,,,,,,,0,Units,,
DATAFLOW,OECD.ELS.HD:HEALTH_PHMC@DF_PHMC_SALES(1.0),Pharmaceuticals sales,I,SVN,Slovenia,PH_SALES,Pharmaceutical sales,USD_PPP_PS,"US dollars per person, PPP converted",_Z,Not applicable,_T,Total,2010,,362.9,,,,,,,,0,Units,,
DATAFLOW,OECD.ELS.HD:HEALTH_PHMC@DF_PHMC_SALES(1.0),Pharmaceuticals sales,I,SVN,Slovenia,PH_SALES,Pharmaceutical sales,USD_PPP_PS,"US dollars per person, PPP converted",_Z,Not applicable,_T,Total,2011,,367.1,,,,,,,,0,Units,,
DATAFLOW,OECD.ELS.HD:HEALTH_PHMC@DF_PHMC_SALES(1.0),Pharmaceuticals sales,I,DNK,Denmark,PH_SALES,Pharmaceutical sales,USD_PPP_PS,"US dollars per person, PPP converted",_Z,Not applicable,_T,Total,2011,,494.2,,,,,,,,0,Units,,
DATAFLOW,OECD.ELS.HD:HEALTH_PHMC@DF_PHMC_SALES(1.0),Pharmaceuticals sales,I,DNK,Denmark,PH_SALES,Pharmaceutical sales,USD_PPP_PS,"US dollars per person, PPP converted",_Z,Not applicable,_T,Total,2012,,484.1,,,,,,,,0,Units,,
DATAFLOW,OECD.ELS.HD:HEALTH_PHMC@DF_PHMC_SALES(1.0),Pharmaceuticals sales,I,DNK,Denmark,PH_SALES,Pharmaceutical sales,USD_PPP_PS,"US dollars per person, PPP converted",_Z,Not applicable,_T,Total,2013,,495,,,,,,,,0,Units,,
DATAFLOW,OECD.ELS.HD:HEALTH_PHMC@DF_PHMC_SALES(1.0),Pharmaceuticals sales,I,DNK,Denmark,PH_SALES,Pharmaceutical sales,USD_PPP_PS,"US dollars per person, PPP converted",_Z,Not applicable,_T,Total,2014,,518.2,,,,,,,,0,Units,,
DATAFLOW,OECD.ELS.HD:HEALTH_PHMC@DF_PHMC_SALES(1.0),Pharmaceuticals sales,I,DNK,Denmark,PH_SALES,Pharmaceutical sales,USD_PPP_PS,"US dollars per person, PPP converted",_Z,Not applicable,_T,Total,2015,,527.9,,,,,,,,0,Units,,
DATAFLOW,OECD.ELS.HD:HEALTH_PHMC@DF_PHMC_SALES(1.0),Pharmaceuticals sales,I,DNK,Denmark,PH_SALES,Pharmaceutical sales,USD_PPP_PS,"US dollars per person, PPP converted",_Z,Not applicable,_T,Total,2016,,545.6,,,,,,,,0,Units,,
DATAFLOW,OECD.ELS.HD:HEALTH_PHMC@DF_PHMC_SALES(1.0),Pharmaceuticals sales,I,DNK,Denmark,PH_SALES,Pharmaceutical sales,USD_PPP_PS,"US dollars per person, PPP converted",_Z,Not applicable,_T,Total,2017,,579.5,,,,,,,,0,Units,,
DATAFLOW,OECD.ELS.HD:HEALTH_PHMC@DF_PHMC_SALES(1.0),Pharmaceuticals sales,I,DNK,Denmark,PH_SALES,Pharmaceutical sales,USD_PPP_PS,"US dollars per person, PPP converted",_Z,Not applicable,_T,Total,2018,,607.6,,,,,,,,0,Units,,
DATAFLOW,OECD.ELS.HD:HEALTH_PHMC@DF_PHMC_SALES(1.0),Pharmaceuticals sales,I,DNK,Denmark,PH_SALES,Pharmaceutical sales,USD_PPP_PS,"US dollars per person, PPP converted",_Z,Not applicable,_T,Total,2019,,636.6,,,,,,,,0,Units,,
DATAFLOW,OECD.ELS.HD:HEALTH_PHMC@DF_PHMC_SALES(1.0),Pharmaceuticals sales,I,DNK,Denmark,PH_SALES,Pharmaceutical sales,USD_PPP_PS,"US dollars per person, PPP converted",_Z,Not applicable,_T,Total,2020,,663.4,,,,,,,,0,Units,,
DATAFLOW,OECD.ELS.HD:HEALTH_PHMC@DF_PHMC_SALES(1.0),Pharmaceuticals sales,I,DNK,Denmark,PH_SALES,Pharmaceutical sales,USD_PPP_PS,"US dollars per person, PPP converted",_Z,Not applicable,_T,Total,2021,,662.7,,,,,,,,0,Units,,
DATAFLOW,OECD.ELS.HD:HEALTH_PHMC@DF_PHMC_SALES(1.0),Pharmaceuticals sales,I,DNK,Denmark,PH_SALES,Pharmaceutical sales,USD_PPP_PS,"US dollars per person, PPP converted",_Z,Not applicable,_T,Total,2022,,702.7,,D,Definition differs,,,,,0,Units,,
DATAFLOW,OECD.ELS.HD:HEALTH_PHMC@DF_PHMC_SALES(1.0),Pharmaceuticals sales,I,SVK,Slovak Republic,PH_SALES,Pharmaceutical sales,USD_PPP_PS,"US dollars per person, PPP converted",_Z,Not applicable,_T,Total,2011,,412.9,,D,Definition differs,,,,,0,Units,,
DATAFLOW,OECD.ELS.HD:HEALTH_PHMC@DF_PHMC_SALES(1.0),Pharmaceuticals sales,I,SVK,Slovak Republic,PH_SALES,Pharmaceutical sales,USD_PPP_PS,"US dollars per person, PPP converted",_Z,Not applicable,_T,Total,2012,,404.7,,D,Definition differs,,,,,0,Units,,
DATAFLOW,OECD.ELS.HD:HEALTH_PHMC@DF_PHMC_SALES(1.0),Pharmaceuticals sales,I,SVK,Slovak Republic,PH_SALES,Pharmaceutical sales,USD_PPP_PS,"US dollars per person, PPP converted",_Z,Not applicable,_T,Total,2013,,462.4,,D,Definition differs,,,,,0,Units,,
DATAFLOW,OECD.ELS.HD:HEALTH_PHMC@DF_PHMC_SALES(1.0),Pharmaceuticals sales,I,SVK,Slovak Republic,PH_SALES,Pharmaceutical sales,USD_PPP_PS,"US dollars per person, PPP converted",_Z,Not applicable,_T,Total,2014,,500.7,,D,Definition differs,,,,,0,Units,,
DATAFLOW,OECD.ELS.HD:HEALTH_PHMC@DF_PHMC_SALES(1.0),Pharmaceuticals sales,I,SVK,Slovak Republic,PH_SALES,Pharmaceutical sales,USD_PPP_PS,"US dollars per person, PPP converted",_Z,Not applicable,_T,Total,2015,,519.3,,D,Definition differs,,,,,0,Units,,
DATAFLOW,OECD.ELS.HD:HEALTH_PHMC@DF_PHMC_SALES(1.0),Pharmaceuticals sales,I,SVK,Slovak Republic,PH_SALES,Pharmaceutical sales,USD_PPP_PS,"US dollars per person, PPP converted",_Z,Not applicable,_T,Total,2016,,575.7,,B,Time series break,,,,,0,Units,,
DATAFLOW,OECD.ELS.HD:HEALTH_PHMC@DF_PHMC_SALES(1.0),Pharmaceuticals sales,I,SVK,Slovak Republic,PH_SALES,Pharmaceutical sales,USD_PPP_PS,"US dollars per person, PPP converted",_Z,Not applicable,_T,Total,2017,,556.5,,,,,,,,0,Units,,
DATAFLOW,OECD.ELS.HD:HEALTH_PHMC@DF_PHMC_SALES(1.0),Pharmaceuticals sales,I,SVK,Slovak Republic,PH_SALES,Pharmaceutical sales,USD_PPP_PS,"US dollars per person, PPP converted",_Z,Not applicable,_T,Total,2018,,568.7,,,,,,,,0,Units,,
DATAFLOW,OECD.ELS.HD:HEALTH_PHMC@DF_PHMC_SALES(1.0),Pharmaceuticals sales,I,SVK,Slovak Republic,PH_SALES,Pharmaceutical sales,USD_PPP_PS,"US dollars per person, PPP converted",_Z,Not applicable,_T,Total,2019,,613,,,,,,,,0,Units,,
DATAFLOW,OECD.ELS.HD:HEALTH_PHMC@DF_PHMC_SALES(1.0),Pharmaceuticals sales,I,SVK,Slovak Republic,PH_SALES,Pharmaceutical sales,USD_PPP_PS,"US dollars per person, PPP converted",_Z,Not applicable,_T,Total,2020,,585.4,,,,,,,,0,Units,,
DATAFLOW,OECD.ELS.HD:HEALTH_PHMC@DF_PHMC_SALES(1.0),Pharmaceuticals sales,I,SVK,Slovak Republic,PH_SALES,Pharmaceutical sales,USD_PPP_PS,"US dollars per person, PPP converted",_Z,Not applicable,_T,Total,2021,,616.4,,,,,,,,0,Units,,
DATAFLOW,OECD.ELS.HD:HEALTH_PHMC@DF_PHMC_SALES(1.0),Pharmaceuticals sales,I,SVK,Slovak Republic,PH_SALES,Pharmaceutical sales,USD_PPP_PS,"US dollars per person, PPP converted",_Z,Not applicable,_T,Total,2022,,647.6,,,,,,,,0,Units,,
DATAFLOW,OECD.ELS.HD:HEALTH_PHMC@DF_PHMC_SALES(1.0),Pharmaceuticals sales,I,LUX,Luxembourg,PH_SALES,Pharmaceutical sales,USD_PPP_PS,"US dollars per person, PPP converted",_Z,Not applicable,_T,Total,2011,,436.4,,D,Definition differs,,,,,0,Units,,
DATAFLOW,OECD.ELS.HD:HEALTH_PHMC@DF_PHMC_SALES(1.0),Pharmaceuticals sales,I,LUX,Luxembourg,PH_SALES,Pharmaceutical sales,USD_PPP_PS,"US dollars per person, PPP converted",_Z,Not applicable,_T,Total,2012,,437.9,,D,Definition differs,,,,,0,Units,,
DATAFLOW,OECD.ELS.HD:HEALTH_PHMC@DF_PHMC_SALES(1.0),Pharmaceuticals sales,I,LUX,Luxembourg,PH_SALES,Pharmaceutical sales,USD_PPP_PS,"US dollars per person, PPP converted",_Z,Not applicable,_T,Total,2013,,433.8,,D,Definition differs,,,,,0,Units,,
DATAFLOW,OECD.ELS.HD:HEALTH_PHMC@DF_PHMC_SALES(1.0),Pharmaceuticals sales,I,LUX,Luxembourg,PH_SALES,Pharmaceutical sales,USD_PPP_PS,"US dollars per person, PPP converted",_Z,Not applicable,_T,Total,2014,,423.3,,D,Definition differs,,,,,0,Units,,
DATAFLOW,OECD.ELS.HD:HEALTH_PHMC@DF_PHMC_SALES(1.0),Pharmaceuticals sales,I,LUX,Luxembourg,PH_SALES,Pharmaceutical sales,USD_PPP_PS,"US dollars per person, PPP converted",_Z,Not applicable,_T,Total,2015,,422,,D,Definition differs,,,,,0,Units,,
DATAFLOW,OECD.ELS.HD:HEALTH_PHMC@DF_PHMC_SALES(1.0),Pharmaceuticals sales,I,LUX,Luxembourg,PH_SALES,Pharmaceutical sales,USD_PPP_PS,"US dollars per person, PPP converted",_Z,Not applicable,_T,Total,2016,,434.1,,D,Definition differs,,,,,0,Units,,
DATAFLOW,OECD.ELS.HD:HEALTH_PHMC@DF_PHMC_SALES(1.0),Pharmaceuticals sales,I,LUX,Luxembourg,PH_SALES,Pharmaceutical sales,USD_PPP_PS,"US dollars per person, PPP converted",_Z,Not applicable,_T,Total,2017,,426.8,,D,Definition differs,,,,,0,Units,,
DATAFLOW,OECD.ELS.HD:HEALTH_PHMC@DF_PHMC_SALES(1.0),Pharmaceuticals sales,I,LUX,Luxembourg,PH_SALES,Pharmaceutical sales,USD_PPP_PS,"US dollars per person, PPP converted",_Z,Not applicable,_T,Total,2018,,428.6,,D,Definition differs,,,,,0,Units,,
DATAFLOW,OECD.ELS.HD:HEALTH_PHMC@DF_PHMC_SALES(1.0),Pharmaceuticals sales,I,LUX,Luxembourg,PH_SALES,Pharmaceutical sales,USD_PPP_PS,"US dollars per person, PPP converted",_Z,Not applicable,_T,Total,2019,,442.2,,D,Definition differs,,,,,0,Units,,
DATAFLOW,OECD.ELS.HD:HEALTH_PHMC@DF_PHMC_SALES(1.0),Pharmaceuticals sales,I,LUX,Luxembourg,PH_SALES,Pharmaceutical sales,USD_PPP_PS,"US dollars per person, PPP converted",_Z,Not applicable,_T,Total,2020,,437.1,,D,Definition differs,,,,,0,Units,,
DATAFLOW,OECD.ELS.HD:HEALTH_PHMC@DF_PHMC_SALES(1.0),Pharmaceuticals sales,I,LUX,Luxembourg,PH_SALES,Pharmaceutical sales,USD_PPP_PS,"US dollars per person, PPP converted",_Z,Not applicable,_T,Total,2021,,534.7,,B,Time series break,D,Definition differs,,,0,Units,,
DATAFLOW,OECD.ELS.HD:HEALTH_PHMC@DF_PHMC_SALES(1.0),Pharmaceuticals sales,I,LUX,Luxembourg,PH_SALES,Pharmaceutical sales,USD_PPP_PS,"US dollars per person, PPP converted",_Z,Not applicable,_T,Total,2022,,637.1,,D,Definition differs,P,Provisional value,,,0,Units,,
DATAFLOW,OECD.ELS.HD:HEALTH_PHMC@DF_PHMC_SALES(1.0),Pharmaceuticals sales,I,PRT,Portugal,PH_SALES,Pharmaceutical sales,USD_PPP_PS,"US dollars per person, PPP converted",_Z,Not applicable,_T,Total,2011,,446.6,,D,Definition differs,,,,,0,Units,,
DATAFLOW,OECD.ELS.HD:HEALTH_PHMC@DF_PHMC_SALES(1.0),Pharmaceuticals sales,I,PRT,Portugal,PH_SALES,Pharmaceutical sales,USD_PPP_PS,"US dollars per person, PPP converted",_Z,Not applicable,_T,Total,2012,,410,,D,Definition differs,,,,,0,Units,,
DATAFLOW,OECD.ELS.HD:HEALTH_PHMC@DF_PHMC_SALES(1.0),Pharmaceuticals sales,I,PRT,Portugal,PH_SALES,Pharmaceutical sales,USD_PPP_PS,"US dollars per person, PPP converted",_Z,Not applicable,_T,Total,2013,,394.2,,D,Definition differs,,,,,0,Units,,
DATAFLOW,OECD.ELS.HD:HEALTH_PHMC@DF_PHMC_SALES(1.0),Pharmaceuticals sales,I,PRT,Portugal,PH_SALES,Pharmaceutical sales,USD_PPP_PS,"US dollars per person, PPP converted",_Z,Not applicable,_T,Total,2014,,397.5,,D,Definition differs,,,,,0,Units,,
DATAFLOW,OECD.ELS.HD:HEALTH_PHMC@DF_PHMC_SALES(1.0),Pharmaceuticals sales,I,PRT,Portugal,PH_SALES,Pharmaceutical sales,USD_PPP_PS,"US dollars per person, PPP converted",_Z,Not applicable,_T,Total,2015,,410.2,,D,Definition differs,,,,,0,Units,,
DATAFLOW,OECD.ELS.HD:HEALTH_PHMC@DF_PHMC_SALES(1.0),Pharmaceuticals sales,I,PRT,Portugal,PH_SALES,Pharmaceutical sales,USD_PPP_PS,"US dollars per person, PPP converted",_Z,Not applicable,_T,Total,2016,,427.6,,D,Definition differs,,,,,0,Units,,
DATAFLOW,OECD.ELS.HD:HEALTH_PHMC@DF_PHMC_SALES(1.0),Pharmaceuticals sales,I,PRT,Portugal,PH_SALES,Pharmaceutical sales,USD_PPP_PS,"US dollars per person, PPP converted",_Z,Not applicable,_T,Total,2017,,429.3,,D,Definition differs,,,,,0,Units,,
DATAFLOW,OECD.ELS.HD:HEALTH_PHMC@DF_PHMC_SALES(1.0),Pharmaceuticals sales,I,PRT,Portugal,PH_SALES,Pharmaceutical sales,USD_PPP_PS,"US dollars per person, PPP converted",_Z,Not applicable,_T,Total,2018,,445.1,,D,Definition differs,,,,,0,Units,,
DATAFLOW,OECD.ELS.HD:HEALTH_PHMC@DF_PHMC_SALES(1.0),Pharmaceuticals sales,I,PRT,Portugal,PH_SALES,Pharmaceutical sales,USD_PPP_PS,"US dollars per person, PPP converted",_Z,Not applicable,_T,Total,2019,,482.2,,D,Definition differs,,,,,0,Units,,
DATAFLOW,OECD.ELS.HD:HEALTH_PHMC@DF_PHMC_SALES(1.0),Pharmaceuticals sales,I,PRT,Portugal,PH_SALES,Pharmaceutical sales,USD_PPP_PS,"US dollars per person, PPP converted",_Z,Not applicable,_T,Total,2020,,485.6,,D,Definition differs,,,,,0,Units,,
DATAFLOW,OECD.ELS.HD:HEALTH_PHMC@DF_PHMC_SALES(1.0),Pharmaceuticals sales,I,PRT,Portugal,PH_SALES,Pharmaceutical sales,USD_PPP_PS,"US dollars per person, PPP converted",_Z,Not applicable,_T,Total,2021,,494.7,,D,Definition differs,,,,,0,Units,,
DATAFLOW,OECD.ELS.HD:HEALTH_PHMC@DF_PHMC_SALES(1.0),Pharmaceuticals sales,I,PRT,Portugal,PH_SALES,Pharmaceutical sales,USD_PPP_PS,"US dollars per person, PPP converted",_Z,Not applicable,_T,Total,2022,,555,,D,Definition differs,,,,,0,Units,,
DATAFLOW,OECD.ELS.HD:HEALTH_PHMC@DF_PHMC_SALES(1.0),Pharmaceuticals sales,I,GBR,United Kingdom,PH_SALES,Pharmaceutical sales,USD_PPP_PS,"US dollars per person, PPP converted",_Z,Not applicable,_T,Total,2011,,290.6,,,,,,,,0,Units,,
DATAFLOW,OECD.ELS.HD:HEALTH_PHMC@DF_PHMC_SALES(1.0),Pharmaceuticals sales,I,GBR,United Kingdom,PH_SALES,Pharmaceutical sales,USD_PPP_PS,"US dollars per person, PPP converted",_Z,Not applicable,_T,Total,2012,,308.1,,,,,,,,0,Units,,
DATAFLOW,OECD.ELS.HD:HEALTH_PHMC@DF_PHMC_SALES(1.0),Pharmaceuticals sales,I,GBR,United Kingdom,PH_SALES,Pharmaceutical sales,USD_PPP_PS,"US dollars per person, PPP converted",_Z,Not applicable,_T,Total,2013,,327.6,,,,,,,,0,Units,,
DATAFLOW,OECD.ELS.HD:HEALTH_PHMC@DF_PHMC_SALES(1.0),Pharmaceuticals sales,I,GBR,United Kingdom,PH_SALES,Pharmaceutical sales,USD_PPP_PS,"US dollars per person, PPP converted",_Z,Not applicable,_T,Total,2014,,354.5,,,,,,,,0,Units,,
DATAFLOW,OECD.ELS.HD:HEALTH_PHMC@DF_PHMC_SALES(1.0),Pharmaceuticals sales,I,GBR,United Kingdom,PH_SALES,Pharmaceutical sales,USD_PPP_PS,"US dollars per person, PPP converted",_Z,Not applicable,_T,Total,2015,,392.2,,,,,,,,0,Units,,
DATAFLOW,OECD.ELS.HD:HEALTH_PHMC@DF_PHMC_SALES(1.0),Pharmaceuticals sales,I,GBR,United Kingdom,PH_SALES,Pharmaceutical sales,USD_PPP_PS,"US dollars per person, PPP converted",_Z,Not applicable,_T,Total,2016,,410.4,,,,,,,,0,Units,,
DATAFLOW,OECD.ELS.HD:HEALTH_PHMC@DF_PHMC_SALES(1.0),Pharmaceuticals sales,I,GBR,United Kingdom,PH_SALES,Pharmaceutical sales,USD_PPP_PS,"US dollars per person, PPP converted",_Z,Not applicable,_T,Total,2017,,431.9,,,,,,,,0,Units,,
DATAFLOW,OECD.ELS.HD:HEALTH_PHMC@DF_PHMC_SALES(1.0),Pharmaceuticals sales,I,GBR,United Kingdom,PH_SALES,Pharmaceutical sales,USD_PPP_PS,"US dollars per person, PPP converted",_Z,Not applicable,_T,Total,2018,,447.5,,,,,,,,0,Units,,
DATAFLOW,OECD.ELS.HD:HEALTH_PHMC@DF_PHMC_SALES(1.0),Pharmaceuticals sales,I,GBR,United Kingdom,PH_SALES,Pharmaceutical sales,USD_PPP_PS,"US dollars per person, PPP converted",_Z,Not applicable,_T,Total,2019,,351.7,,B,Time series break,,,,,0,Units,,
DATAFLOW,OECD.ELS.HD:HEALTH_PHMC@DF_PHMC_SALES(1.0),Pharmaceuticals sales,I,GBR,United Kingdom,PH_SALES,Pharmaceutical sales,USD_PPP_PS,"US dollars per person, PPP converted",_Z,Not applicable,_T,Total,2020,,368.4,,,,,,,,0,Units,,
DATAFLOW,OECD.ELS.HD:HEALTH_PHMC@DF_PHMC_SALES(1.0),Pharmaceuticals sales,I,GBR,United Kingdom,PH_SALES,Pharmaceutical sales,USD_PPP_PS,"US dollars per person, PPP converted",_Z,Not applicable,_T,Total,2021,,400.5,,,,,,,,0,Units,,
DATAFLOW,OECD.ELS.HD:HEALTH_PHMC@DF_PHMC_SALES(1.0),Pharmaceuticals sales,I,GBR,United Kingdom,PH_SALES,Pharmaceutical sales,USD_PPP_PS,"US dollars per person, PPP converted",_Z,Not applicable,_T,Total,2022,,428.1,,,,,,,,0,Units,,
DATAFLOW,OECD.ELS.HD:HEALTH_PHMC@DF_PHMC_SALES(1.0),Pharmaceuticals sales,I,JPN,Japan,PH_SALES,Pharmaceutical sales,USD_PPP_PS,"US dollars per person, PPP converted",_Z,Not applicable,_T,Total,2011,,508.7,,D,Definition differs,,,,,0,Units,,
DATAFLOW,OECD.ELS.HD:HEALTH_PHMC@DF_PHMC_SALES(1.0),Pharmaceuticals sales,I,JPN,Japan,PH_SALES,Pharmaceutical sales,USD_PPP_PS,"US dollars per person, PPP converted",_Z,Not applicable,_T,Total,2012,,524.4,,D,Definition differs,,,,,0,Units,,
DATAFLOW,OECD.ELS.HD:HEALTH_PHMC@DF_PHMC_SALES(1.0),Pharmaceuticals sales,I,JPN,Japan,PH_SALES,Pharmaceutical sales,USD_PPP_PS,"US dollars per person, PPP converted",_Z,Not applicable,_T,Total,2013,,534.1,,D,Definition differs,,,,,0,Units,,
DATAFLOW,OECD.ELS.HD:HEALTH_PHMC@DF_PHMC_SALES(1.0),Pharmaceuticals sales,I,JPN,Japan,PH_SALES,Pharmaceutical sales,USD_PPP_PS,"US dollars per person, PPP converted",_Z,Not applicable,_T,Total,2014,,502.6,,D,Definition differs,,,,,0,Units,,
DATAFLOW,OECD.ELS.HD:HEALTH_PHMC@DF_PHMC_SALES(1.0),Pharmaceuticals sales,I,JPN,Japan,PH_SALES,Pharmaceutical sales,USD_PPP_PS,"US dollars per person, PPP converted",_Z,Not applicable,_T,Total,2015,,513.1,,D,Definition differs,,,,,0,Units,,
DATAFLOW,OECD.ELS.HD:HEALTH_PHMC@DF_PHMC_SALES(1.0),Pharmaceuticals sales,I,JPN,Japan,PH_SALES,Pharmaceutical sales,USD_PPP_PS,"US dollars per person, PPP converted",_Z,Not applicable,_T,Total,2016,,494.1,,D,Definition differs,,,,,0,Units,,
DATAFLOW,OECD.ELS.HD:HEALTH_PHMC@DF_PHMC_SALES(1.0),Pharmaceuticals sales,I,JPN,Japan,PH_SALES,Pharmaceutical sales,USD_PPP_PS,"US dollars per person, PPP converted",_Z,Not applicable,_T,Total,2017,,503.9,,D,Definition differs,,,,,0,Units,,
DATAFLOW,OECD.ELS.HD:HEALTH_PHMC@DF_PHMC_SALES(1.0),Pharmaceuticals sales,I,JPN,Japan,PH_SALES,Pharmaceutical sales,USD_PPP_PS,"US dollars per person, PPP converted",_Z,Not applicable,_T,Total,2018,,523.2,,D,Definition differs,,,,,0,Units,,
DATAFLOW,OECD.ELS.HD:HEALTH_PHMC@DF_PHMC_SALES(1.0),Pharmaceuticals sales,I,JPN,Japan,PH_SALES,Pharmaceutical sales,USD_PPP_PS,"US dollars per person, PPP converted",_Z,Not applicable,_T,Total,2019,,718.4,,B,Time series break,D,Definition differs,,,0,Units,,
DATAFLOW,OECD.ELS.HD:HEALTH_PHMC@DF_PHMC_SALES(1.0),Pharmaceuticals sales,I,JPN,Japan,PH_SALES,Pharmaceutical sales,USD_PPP_PS,"US dollars per person, PPP converted",_Z,Not applicable,_T,Total,2020,,717,,D,Definition differs,,,,,0,Units,,
DATAFLOW,OECD.ELS.HD:HEALTH_PHMC@DF_PHMC_SALES(1.0),Pharmaceuticals sales,I,JPN,Japan,PH_SALES,Pharmaceutical sales,USD_PPP_PS,"US dollars per person, PPP converted",_Z,Not applicable,_T,Total,2021,,716.4,,D,Definition differs,,,,,0,Units,,
DATAFLOW,OECD.ELS.HD:HEALTH_PHMC@DF_PHMC_SALES(1.0),Pharmaceuticals sales,I,JPN,Japan,PH_SALES,Pharmaceutical sales,USD_PPP_PS,"US dollars per person, PPP converted",_Z,Not applicable,_T,Total,2022,,839,,D,Definition differs,,,,,0,Units,,
DATAFLOW,OECD.ELS.HD:HEALTH_PHMC@DF_PHMC_SALES(1.0),Pharmaceuticals sales,I,CHL,Chile,PH_SALES,Pharmaceutical sales,USD_PPP_PS,"US dollars per person, PPP converted",_Z,Not applicable,_T,Total,2011,,196.4,,B,Time series break,,,,,0,Units,,
DATAFLOW,OECD.ELS.HD:HEALTH_PHMC@DF_PHMC_SALES(1.0),Pharmaceuticals sales,I,CHL,Chile,PH_SALES,Pharmaceutical sales,USD_PPP_PS,"US dollars per person, PPP converted",_Z,Not applicable,_T,Total,2012,,206.1,,,,,,,,0,Units,,
DATAFLOW,OECD.ELS.HD:HEALTH_PHMC@DF_PHMC_SALES(1.0),Pharmaceuticals sales,I,CHL,Chile,PH_SALES,Pharmaceutical sales,USD_PPP_PS,"US dollars per person, PPP converted",_Z,Not applicable,_T,Total,2013,,235,,,,,,,,0,Units,,
DATAFLOW,OECD.ELS.HD:HEALTH_PHMC@DF_PHMC_SALES(1.0),Pharmaceuticals sales,I,CHL,Chile,PH_SALES,Pharmaceutical sales,USD_PPP_PS,"US dollars per person, PPP converted",_Z,Not applicable,_T,Total,2014,,236.7,,,,,,,,0,Units,,
DATAFLOW,OECD.ELS.HD:HEALTH_PHMC@DF_PHMC_SALES(1.0),Pharmaceuticals sales,I,CHL,Chile,PH_SALES,Pharmaceutical sales,USD_PPP_PS,"US dollars per person, PPP converted",_Z,Not applicable,_T,Total,2015,,259.4,,,,,,,,0,Units,,
DATAFLOW,OECD.ELS.HD:HEALTH_PHMC@DF_PHMC_SALES(1.0),Pharmaceuticals sales,I,CHL,Chile,PH_SALES,Pharmaceutical sales,USD_PPP_PS,"US dollars per person, PPP converted",_Z,Not applicable,_T,Total,2016,,280.4,,,,,,,,0,Units,,
DATAFLOW,OECD.ELS.HD:HEALTH_PHMC@DF_PHMC_SALES(1.0),Pharmaceuticals sales,I,CHL,Chile,PH_SALES,Pharmaceutical sales,USD_PPP_PS,"US dollars per person, PPP converted",_Z,Not applicable,_T,Total,2017,,282.3,,,,,,,,0,Units,,
DATAFLOW,OECD.ELS.HD:HEALTH_PHMC@DF_PHMC_SALES(1.0),Pharmaceuticals sales,I,CHL,Chile,PH_SALES,Pharmaceutical sales,USD_PPP_PS,"US dollars per person, PPP converted",_Z,Not applicable,_T,Total,2018,,309.2,,,,,,,,0,Units,,
DATAFLOW,OECD.ELS.HD:HEALTH_PHMC@DF_PHMC_SALES(1.0),Pharmaceuticals sales,I,CHL,Chile,PH_SALES,Pharmaceutical sales,USD_PPP_PS,"US dollars per person, PPP converted",_Z,Not applicable,_T,Total,2019,,328.7,,,,,,,,0,Units,,
DATAFLOW,OECD.ELS.HD:HEALTH_PHMC@DF_PHMC_SALES(1.0),Pharmaceuticals sales,I,CHL,Chile,PH_SALES,Pharmaceutical sales,USD_PPP_PS,"US dollars per person, PPP converted",_Z,Not applicable,_T,Total,2020,,330.3,,,,,,,,0,Units,,
DATAFLOW,OECD.ELS.HD:HEALTH_PHMC@DF_PHMC_SALES(1.0),Pharmaceuticals sales,I,CHL,Chile,PH_SALES,Pharmaceutical sales,USD_PPP_PS,"US dollars per person, PPP converted",_Z,Not applicable,_T,Total,2021,,328.6,,,,,,,,0,Units,,
DATAFLOW,OECD.ELS.HD:HEALTH_PHMC@DF_PHMC_SALES(1.0),Pharmaceuticals sales,I,CHL,Chile,PH_SALES,Pharmaceutical sales,USD_PPP_PS,"US dollars per person, PPP converted",_Z,Not applicable,_T,Total,2022,,324.7,,,,,,,,0,Units,,
DATAFLOW,OECD.ELS.HD:HEALTH_PHMC@DF_PHMC_SALES(1.0),Pharmaceuticals sales,I,FRA,France,PH_SALES,Pharmaceutical sales,USD_PPP_PS,"US dollars per person, PPP converted",_Z,Not applicable,_T,Total,2010,,497.1,,D,Definition differs,,,,,0,Units,,
DATAFLOW,OECD.ELS.HD:HEALTH_PHMC@DF_PHMC_SALES(1.0),Pharmaceuticals sales,I,FRA,France,PH_SALES,Pharmaceutical sales,USD_PPP_PS,"US dollars per person, PPP converted",_Z,Not applicable,_T,Total,2011,,503.7,,D,Definition differs,,,,,0,Units,,
DATAFLOW,OECD.ELS.HD:HEALTH_PHMC@DF_PHMC_SALES(1.0),Pharmaceuticals sales,I,FRA,France,PH_SALES,Pharmaceutical sales,USD_PPP_PS,"US dollars per person, PPP converted",_Z,Not applicable,_T,Total,2012,,492.3,,D,Definition differs,,,,,0,Units,,
DATAFLOW,OECD.ELS.HD:HEALTH_PHMC@DF_PHMC_SALES(1.0),Pharmaceuticals sales,I,ITA,Italy,PH_SALES,Pharmaceutical sales,USD_PPP_PS,"US dollars per person, PPP converted",_Z,Not applicable,_T,Total,2012,,423.9,,,,,,,,0,Units,,
DATAFLOW,OECD.ELS.HD:HEALTH_PHMC@DF_PHMC_SALES(1.0),Pharmaceuticals sales,I,ITA,Italy,PH_SALES,Pharmaceutical sales,USD_PPP_PS,"US dollars per person, PPP converted",_Z,Not applicable,_T,Total,2013,,437.3,,,,,,,,0,Units,,
DATAFLOW,OECD.ELS.HD:HEALTH_PHMC@DF_PHMC_SALES(1.0),Pharmaceuticals sales,I,ITA,Italy,PH_SALES,Pharmaceutical sales,USD_PPP_PS,"US dollars per person, PPP converted",_Z,Not applicable,_T,Total,2014,,445.7,,,,,,,,0,Units,,
DATAFLOW,OECD.ELS.HD:HEALTH_PHMC@DF_PHMC_SALES(1.0),Pharmaceuticals sales,I,ITA,Italy,PH_SALES,Pharmaceutical sales,USD_PPP_PS,"US dollars per person, PPP converted",_Z,Not applicable,_T,Total,2015,,508.3,,,,,,,,0,Units,,
DATAFLOW,OECD.ELS.HD:HEALTH_PHMC@DF_PHMC_SALES(1.0),Pharmaceuticals sales,I,ITA,Italy,PH_SALES,Pharmaceutical sales,USD_PPP_PS,"US dollars per person, PPP converted",_Z,Not applicable,_T,Total,2016,,540.9,,,,,,,,0,Units,,
DATAFLOW,OECD.ELS.HD:HEALTH_PHMC@DF_PHMC_SALES(1.0),Pharmaceuticals sales,I,ITA,Italy,PH_SALES,Pharmaceutical sales,USD_PPP_PS,"US dollars per person, PPP converted",_Z,Not applicable,_T,Total,2017,,546.4,,,,,,,,0,Units,,
DATAFLOW,OECD.ELS.HD:HEALTH_PHMC@DF_PHMC_SALES(1.0),Pharmaceuticals sales,I,ITA,Italy,PH_SALES,Pharmaceutical sales,USD_PPP_PS,"US dollars per person, PPP converted",_Z,Not applicable,_T,Total,2018,,548.2,,,,,,,,0,Units,,
DATAFLOW,OECD.ELS.HD:HEALTH_PHMC@DF_PHMC_SALES(1.0),Pharmaceuticals sales,I,ITA,Italy,PH_SALES,Pharmaceutical sales,USD_PPP_PS,"US dollars per person, PPP converted",_Z,Not applicable,_T,Total,2019,,582.7,,,,,,,,0,Units,,
DATAFLOW,OECD.ELS.HD:HEALTH_PHMC@DF_PHMC_SALES(1.0),Pharmaceuticals sales,I,ITA,Italy,PH_SALES,Pharmaceutical sales,USD_PPP_PS,"US dollars per person, PPP converted",_Z,Not applicable,_T,Total,2020,,601.4,,,,,,,,0,Units,,
DATAFLOW,OECD.ELS.HD:HEALTH_PHMC@DF_PHMC_SALES(1.0),Pharmaceuticals sales,I,ITA,Italy,PH_SALES,Pharmaceutical sales,USD_PPP_PS,"US dollars per person, PPP converted",_Z,Not applicable,_T,Total,2021,,622.7,,,,,,,,0,Units,,
DATAFLOW,OECD.ELS.HD:HEALTH_PHMC@DF_PHMC_SALES(1.0),Pharmaceuticals sales,I,ITA,Italy,PH_SALES,Pharmaceutical sales,USD_PPP_PS,"US dollars per person, PPP converted",_Z,Not applicable,_T,Total,2022,,687,,,,,,,,0,Units,,
DATAFLOW,OECD.ELS.HD:HEALTH_PHMC@DF_PHMC_SALES(1.0),Pharmaceuticals sales,I,EST,Estonia,PH_SALES,Pharmaceutical sales,USD_PPP_PS,"US dollars per person, PPP converted",_Z,Not applicable,_T,Total,2011,,301.1,,,,,,,,0,Units,,
DATAFLOW,OECD.ELS.HD:HEALTH_PHMC@DF_PHMC_SALES(1.0),Pharmaceuticals sales,I,EST,Estonia,PH_SALES,Pharmaceutical sales,USD_PPP_PS,"US dollars per person, PPP converted",_Z,Not applicable,_T,Total,2012,,321.6,,,,,,,,0,Units,,
DATAFLOW,OECD.ELS.HD:HEALTH_PHMC@DF_PHMC_SALES(1.0),Pharmaceuticals sales,I,EST,Estonia,PH_SALES,Pharmaceutical sales,USD_PPP_PS,"US dollars per person, PPP converted",_Z,Not applicable,_T,Total,2013,,335.4,,,,,,,,0,Units,,
DATAFLOW,OECD.ELS.HD:HEALTH_PHMC@DF_PHMC_SALES(1.0),Pharmaceuticals sales,I,EST,Estonia,PH_SALES,Pharmaceutical sales,USD_PPP_PS,"US dollars per person, PPP converted",_Z,Not applicable,_T,Total,2014,,360,,,,,,,,0,Units,,
DATAFLOW,OECD.ELS.HD:HEALTH_PHMC@DF_PHMC_SALES(1.0),Pharmaceuticals sales,I,EST,Estonia,PH_SALES,Pharmaceutical sales,USD_PPP_PS,"US dollars per person, PPP converted",_Z,Not applicable,_T,Total,2015,,375.1,,,,,,,,0,Units,,
DATAFLOW,OECD.ELS.HD:HEALTH_PHMC@DF_PHMC_SALES(1.0),Pharmaceuticals sales,I,EST,Estonia,PH_SALES,Pharmaceutical sales,USD_PPP_PS,"US dollars per person, PPP converted",_Z,Not applicable,_T,Total,2016,,417.3,,,,,,,,0,Units,,
DATAFLOW,OECD.ELS.HD:HEALTH_PHMC@DF_PHMC_SALES(1.0),Pharmaceuticals sales,I,EST,Estonia,PH_SALES,Pharmaceutical sales,USD_PPP_PS,"US dollars per person, PPP converted",_Z,Not applicable,_T,Total,2017,,427.2,,,,,,,,0,Units,,
DATAFLOW,OECD.ELS.HD:HEALTH_PHMC@DF_PHMC_SALES(1.0),Pharmaceuticals sales,I,EST,Estonia,PH_SALES,Pharmaceutical sales,USD_PPP_PS,"US dollars per person, PPP converted",_Z,Not applicable,_T,Total,2018,,456.9,,,,,,,,0,Units,,
DATAFLOW,OECD.ELS.HD:HEALTH_PHMC@DF_PHMC_SALES(1.0),Pharmaceuticals sales,I,EST,Estonia,PH_SALES,Pharmaceutical sales,USD_PPP_PS,"US dollars per person, PPP converted",_Z,Not applicable,_T,Total,2019,,483.8,,,,,,,,0,Units,,
DATAFLOW,OECD.ELS.HD:HEALTH_PHMC@DF_PHMC_SALES(1.0),Pharmaceuticals sales,I,EST,Estonia,PH_SALES,Pharmaceutical sales,USD_PPP_PS,"US dollars per person, PPP converted",_Z,Not applicable,_T,Total,2020,,515.2,,,,,,,,0,Units,,
DATAFLOW,OECD.ELS.HD:HEALTH_PHMC@DF_PHMC_SALES(1.0),Pharmaceuticals sales,I,EST,Estonia,PH_SALES,Pharmaceutical sales,USD_PPP_PS,"US dollars per person, PPP converted",_Z,Not applicable,_T,Total,2021,,565.2,,,,,,,,0,Units,,
DATAFLOW,OECD.ELS.HD:HEALTH_PHMC@DF_PHMC_SALES(1.0),Pharmaceuticals sales,I,EST,Estonia,PH_SALES,Pharmaceutical sales,USD_PPP_PS,"US dollars per person, PPP converted",_Z,Not applicable,_T,Total,2022,,561.9,,,,,,,,0,Units,,
DATAFLOW,OECD.ELS.HD:HEALTH_PHMC@DF_PHMC_SALES(1.0),Pharmaceuticals sales,I,TUR,Türkiye,PH_SALES,Pharmaceutical sales,USD_PPP_PS,"US dollars per person, PPP converted",_Z,Not applicable,_T,Total,2011,,197.6,,,,,,,,0,Units,,
DATAFLOW,OECD.ELS.HD:HEALTH_PHMC@DF_PHMC_SALES(1.0),Pharmaceuticals sales,I,TUR,Türkiye,PH_SALES,Pharmaceutical sales,USD_PPP_PS,"US dollars per person, PPP converted",_Z,Not applicable,_T,Total,2012,,176.3,,,,,,,,0,Units,,
DATAFLOW,OECD.ELS.HD:HEALTH_PHMC@DF_PHMC_SALES(1.0),Pharmaceuticals sales,I,TUR,Türkiye,PH_SALES,Pharmaceutical sales,USD_PPP_PS,"US dollars per person, PPP converted",_Z,Not applicable,_T,Total,2013,,175.9,,,,,,,,0,Units,,
DATAFLOW,OECD.ELS.HD:HEALTH_PHMC@DF_PHMC_SALES(1.0),Pharmaceuticals sales,I,TUR,Türkiye,PH_SALES,Pharmaceutical sales,USD_PPP_PS,"US dollars per person, PPP converted",_Z,Not applicable,_T,Total,2014,,184.2,,,,,,,,0,Units,,
DATAFLOW,OECD.ELS.HD:HEALTH_PHMC@DF_PHMC_SALES(1.0),Pharmaceuticals sales,I,TUR,Türkiye,PH_SALES,Pharmaceutical sales,USD_PPP_PS,"US dollars per person, PPP converted",_Z,Not applicable,_T,Total,2015,,201.3,,,,,,,,0,Units,,
DATAFLOW,OECD.ELS.HD:HEALTH_PHMC@DF_PHMC_SALES(1.0),Pharmaceuticals sales,I,TUR,Türkiye,PH_SALES,Pharmaceutical sales,USD_PPP_PS,"US dollars per person, PPP converted",_Z,Not applicable,_T,Total,2016,,222.5,,,,,,,,0,Units,,
DATAFLOW,OECD.ELS.HD:HEALTH_PHMC@DF_PHMC_SALES(1.0),Pharmaceuticals sales,I,TUR,Türkiye,PH_SALES,Pharmaceutical sales,USD_PPP_PS,"US dollars per person, PPP converted",_Z,Not applicable,_T,Total,2017,,228.9,,,,,,,,0,Units,,
DATAFLOW,OECD.ELS.HD:HEALTH_PHMC@DF_PHMC_SALES(1.0),Pharmaceuticals sales,I,TUR,Türkiye,PH_SALES,Pharmaceutical sales,USD_PPP_PS,"US dollars per person, PPP converted",_Z,Not applicable,_T,Total,2018,,241.1,,,,,,,,0,Units,,
DATAFLOW,OECD.ELS.HD:HEALTH_PHMC@DF_PHMC_SALES(1.0),Pharmaceuticals sales,I,TUR,Türkiye,PH_SALES,Pharmaceutical sales,USD_PPP_PS,"US dollars per person, PPP converted",_Z,Not applicable,_T,Total,2019,,273.3,,,,,,,,0,Units,,
DATAFLOW,OECD.ELS.HD:HEALTH_PHMC@DF_PHMC_SALES(1.0),Pharmaceuticals sales,I,TUR,Türkiye,PH_SALES,Pharmaceutical sales,USD_PPP_PS,"US dollars per person, PPP converted",_Z,Not applicable,_T,Total,2020,,276.9,,,,,,,,0,Units,,
DATAFLOW,OECD.ELS.HD:HEALTH_PHMC@DF_PHMC_SALES(1.0),Pharmaceuticals sales,I,TUR,Türkiye,PH_SALES,Pharmaceutical sales,USD_PPP_PS,"US dollars per person, PPP converted",_Z,Not applicable,_T,Total,2021,,274.3,,,,,,,,0,Units,,
DATAFLOW,OECD.ELS.HD:HEALTH_PHMC@DF_PHMC_SALES(1.0),Pharmaceuticals sales,I,TUR,Türkiye,PH_SALES,Pharmaceutical sales,USD_PPP_PS,"US dollars per person, PPP converted",_Z,Not applicable,_T,Total,2022,,272.2,,,,,,,,0,Units,,
DATAFLOW,OECD.ELS.HD:HEALTH_PHMC@DF_PHMC_SALES(1.0),Pharmaceuticals sales,I,MEX,Mexico,PH_SALES,Pharmaceutical sales,USD_PPP_PS,"US dollars per person, PPP converted",_Z,Not applicable,_T,Total,2013,,151.8,,,,,,,,0,Units,,
DATAFLOW,OECD.ELS.HD:HEALTH_PHMC@DF_PHMC_SALES(1.0),Pharmaceuticals sales,I,NZL,New Zealand,PH_SALES,Pharmaceutical sales,USD_PPP_PS,"US dollars per person, PPP converted",_Z,Not applicable,_T,Total,2011,,125.4,,D,Definition differs,,,,,0,Units,,
DATAFLOW,OECD.ELS.HD:HEALTH_PHMC@DF_PHMC_SALES(1.0),Pharmaceuticals sales,I,NZL,New Zealand,PH_SALES,Pharmaceutical sales,USD_PPP_PS,"US dollars per person, PPP converted",_Z,Not applicable,_T,Total,2012,,140.2,,D,Definition differs,,,,,0,Units,,
DATAFLOW,OECD.ELS.HD:HEALTH_PHMC@DF_PHMC_SALES(1.0),Pharmaceuticals sales,I,NZL,New Zealand,PH_SALES,Pharmaceutical sales,USD_PPP_PS,"US dollars per person, PPP converted",_Z,Not applicable,_T,Total,2013,,143.7,,D,Definition differs,,,,,0,Units,,
DATAFLOW,OECD.ELS.HD:HEALTH_PHMC@DF_PHMC_SALES(1.0),Pharmaceuticals sales,I,NZL,New Zealand,PH_SALES,Pharmaceutical sales,USD_PPP_PS,"US dollars per person, PPP converted",_Z,Not applicable,_T,Total,2014,,147.4,,D,Definition differs,,,,,0,Units,,
DATAFLOW,OECD.ELS.HD:HEALTH_PHMC@DF_PHMC_SALES(1.0),Pharmaceuticals sales,I,NZL,New Zealand,PH_SALES,Pharmaceutical sales,USD_PPP_PS,"US dollars per person, PPP converted",_Z,Not applicable,_T,Total,2015,,145,,D,Definition differs,,,,,0,Units,,
DATAFLOW,OECD.ELS.HD:HEALTH_PHMC@DF_PHMC_SALES(1.0),Pharmaceuticals sales,I,NZL,New Zealand,PH_SALES,Pharmaceutical sales,USD_PPP_PS,"US dollars per person, PPP converted",_Z,Not applicable,_T,Total,2016,,157.8,,D,Definition differs,,,,,0,Units,,
DATAFLOW,OECD.ELS.HD:HEALTH_PHMC@DF_PHMC_SALES(1.0),Pharmaceuticals sales,I,NZL,New Zealand,PH_SALES,Pharmaceutical sales,USD_PPP_PS,"US dollars per person, PPP converted",_Z,Not applicable,_T,Total,2017,,183.2,,D,Definition differs,,,,,0,Units,,
DATAFLOW,OECD.ELS.HD:HEALTH_PHMC@DF_PHMC_SALES(1.0),Pharmaceuticals sales,I,NZL,New Zealand,PH_SALES,Pharmaceutical sales,USD_PPP_PS,"US dollars per person, PPP converted",_Z,Not applicable,_T,Total,2018,,183.4,,D,Definition differs,,,,,0,Units,,
DATAFLOW,OECD.ELS.HD:HEALTH_PHMC@DF_PHMC_SALES(1.0),Pharmaceuticals sales,I,NZL,New Zealand,PH_SALES,Pharmaceutical sales,USD_PPP_PS,"US dollars per person, PPP converted",_Z,Not applicable,_T,Total,2019,,211.5,,D,Definition differs,,,,,0,Units,,
DATAFLOW,OECD.ELS.HD:HEALTH_PHMC@DF_PHMC_SALES(1.0),Pharmaceuticals sales,I,NZL,New Zealand,PH_SALES,Pharmaceutical sales,USD_PPP_PS,"US dollars per person, PPP converted",_Z,Not applicable,_T,Total,2020,,229.6,,D,Definition differs,,,,,0,Units,,
DATAFLOW,OECD.ELS.HD:HEALTH_PHMC@DF_PHMC_SALES(1.0),Pharmaceuticals sales,I,NZL,New Zealand,PH_SALES,Pharmaceutical sales,USD_PPP_PS,"US dollars per person, PPP converted",_Z,Not applicable,_T,Total,2021,,238.3,,D,Definition differs,,,,,0,Units,,
DATAFLOW,OECD.ELS.HD:HEALTH_PHMC@DF_PHMC_SALES(1.0),Pharmaceuticals sales,I,NZL,New Zealand,PH_SALES,Pharmaceutical sales,USD_PPP_PS,"US dollars per person, PPP converted",_Z,Not applicable,_T,Total,2022,,257.5,,D,Definition differs,,,,,0,Units,,
DATAFLOW,OECD.ELS.HD:HEALTH_PHMC@DF_PHMC_SALES(1.0),Pharmaceuticals sales,I,DEU,Germany,PH_SALES,Pharmaceutical sales,USD_PPP_PS,"US dollars per person, PPP converted",_Z,Not applicable,_T,Total,2011,,469.3,,D,Definition differs,,,,,0,Units,,
DATAFLOW,OECD.ELS.HD:HEALTH_PHMC@DF_PHMC_SALES(1.0),Pharmaceuticals sales,I,DEU,Germany,PH_SALES,Pharmaceutical sales,USD_PPP_PS,"US dollars per person, PPP converted",_Z,Not applicable,_T,Total,2012,,480.8,,D,Definition differs,,,,,0,Units,,
DATAFLOW,OECD.ELS.HD:HEALTH_PHMC@DF_PHMC_SALES(1.0),Pharmaceuticals sales,I,DEU,Germany,PH_SALES,Pharmaceutical sales,USD_PPP_PS,"US dollars per person, PPP converted",_Z,Not applicable,_T,Total,2013,,504.5,,D,Definition differs,,,,,0,Units,,
DATAFLOW,OECD.ELS.HD:HEALTH_PHMC@DF_PHMC_SALES(1.0),Pharmaceuticals sales,I,DEU,Germany,PH_SALES,Pharmaceutical sales,USD_PPP_PS,"US dollars per person, PPP converted",_Z,Not applicable,_T,Total,2014,,539,,D,Definition differs,,,,,0,Units,,
DATAFLOW,OECD.ELS.HD:HEALTH_PHMC@DF_PHMC_SALES(1.0),Pharmaceuticals sales,I,DEU,Germany,PH_SALES,Pharmaceutical sales,USD_PPP_PS,"US dollars per person, PPP converted",_Z,Not applicable,_T,Total,2015,,556.1,,D,Definition differs,,,,,0,Units,,
DATAFLOW,OECD.ELS.HD:HEALTH_PHMC@DF_PHMC_SALES(1.0),Pharmaceuticals sales,I,DEU,Germany,PH_SALES,Pharmaceutical sales,USD_PPP_PS,"US dollars per person, PPP converted",_Z,Not applicable,_T,Total,2016,,582.8,,D,Definition differs,,,,,0,Units,,
DATAFLOW,OECD.ELS.HD:HEALTH_PHMC@DF_PHMC_SALES(1.0),Pharmaceuticals sales,I,DEU,Germany,PH_SALES,Pharmaceutical sales,USD_PPP_PS,"US dollars per person, PPP converted",_Z,Not applicable,_T,Total,2017,,604.1,,D,Definition differs,,,,,0,Units,,
DATAFLOW,OECD.ELS.HD:HEALTH_PHMC@DF_PHMC_SALES(1.0),Pharmaceuticals sales,I,DEU,Germany,PH_SALES,Pharmaceutical sales,USD_PPP_PS,"US dollars per person, PPP converted",_Z,Not applicable,_T,Total,2018,,725.4,,B,Time series break,D,Definition differs,,,0,Units,,
DATAFLOW,OECD.ELS.HD:HEALTH_PHMC@DF_PHMC_SALES(1.0),Pharmaceuticals sales,I,DEU,Germany,PH_SALES,Pharmaceutical sales,USD_PPP_PS,"US dollars per person, PPP converted",_Z,Not applicable,_T,Total,2019,,774.3,,D,Definition differs,,,,,0,Units,,
DATAFLOW,OECD.ELS.HD:HEALTH_PHMC@DF_PHMC_SALES(1.0),Pharmaceuticals sales,I,DEU,Germany,PH_SALES,Pharmaceutical sales,USD_PPP_PS,"US dollars per person, PPP converted",_Z,Not applicable,_T,Total,2020,,815.3,,D,Definition differs,,,,,0,Units,,
DATAFLOW,OECD.ELS.HD:HEALTH_PHMC@DF_PHMC_SALES(1.0),Pharmaceuticals sales,I,DEU,Germany,PH_SALES,Pharmaceutical sales,USD_PPP_PS,"US dollars per person, PPP converted",_Z,Not applicable,_T,Total,2021,,870.1,,D,Definition differs,,,,,0,Units,,
DATAFLOW,OECD.ELS.HD:HEALTH_PHMC@DF_PHMC_SALES(1.0),Pharmaceuticals sales,I,DEU,Germany,PH_SALES,Pharmaceutical sales,USD_PPP_PS,"US dollars per person, PPP converted",_Z,Not applicable,_T,Total,2022,,928.7,,D,Definition differs,,,,,0,Units,,
DATAFLOW,OECD.ELS.HD:HEALTH_PHMC@DF_PHMC_SALES(1.0),Pharmaceuticals sales,I,ESP,Spain,PH_SALES,Pharmaceutical sales,USD_PPP_PS,"US dollars per person, PPP converted",_Z,Not applicable,_T,Total,2011,,370.2,,D,Definition differs,,,,,0,Units,,
DATAFLOW,OECD.ELS.HD:HEALTH_PHMC@DF_PHMC_SALES(1.0),Pharmaceuticals sales,I,ESP,Spain,PH_SALES,Pharmaceutical sales,USD_PPP_PS,"US dollars per person, PPP converted",_Z,Not applicable,_T,Total,2012,,340.7,,D,Definition differs,,,,,0,Units,,
DATAFLOW,OECD.ELS.HD:HEALTH_PHMC@DF_PHMC_SALES(1.0),Pharmaceuticals sales,I,ESP,Spain,PH_SALES,Pharmaceutical sales,USD_PPP_PS,"US dollars per person, PPP converted",_Z,Not applicable,_T,Total,2013,,339.4,,D,Definition differs,,,,,0,Units,,
DATAFLOW,OECD.ELS.HD:HEALTH_PHMC@DF_PHMC_SALES(1.0),Pharmaceuticals sales,I,ESP,Spain,PH_SALES,Pharmaceutical sales,USD_PPP_PS,"US dollars per person, PPP converted",_Z,Not applicable,_T,Total,2014,,367.3,,B,Time series break,D,Definition differs,,,0,Units,,
DATAFLOW,OECD.ELS.HD:HEALTH_PHMC@DF_PHMC_SALES(1.0),Pharmaceuticals sales,I,ESP,Spain,PH_SALES,Pharmaceutical sales,USD_PPP_PS,"US dollars per person, PPP converted",_Z,Not applicable,_T,Total,2015,,369.6,,D,Definition differs,,,,,0,Units,,
DATAFLOW,OECD.ELS.HD:HEALTH_PHMC@DF_PHMC_SALES(1.0),Pharmaceuticals sales,I,ESP,Spain,PH_SALES,Pharmaceutical sales,USD_PPP_PS,"US dollars per person, PPP converted",_Z,Not applicable,_T,Total,2016,,396.4,,D,Definition differs,,,,,0,Units,,
DATAFLOW,OECD.ELS.HD:HEALTH_PHMC@DF_PHMC_SALES(1.0),Pharmaceuticals sales,I,ESP,Spain,PH_SALES,Pharmaceutical sales,USD_PPP_PS,"US dollars per person, PPP converted",_Z,Not applicable,_T,Total,2017,,411,,D,Definition differs,,,,,0,Units,,
DATAFLOW,OECD.ELS.HD:HEALTH_PHMC@DF_PHMC_SALES(1.0),Pharmaceuticals sales,I,ESP,Spain,PH_SALES,Pharmaceutical sales,USD_PPP_PS,"US dollars per person, PPP converted",_Z,Not applicable,_T,Total,2018,,643.4,,B,Time series break,,,,,0,Units,,
DATAFLOW,OECD.ELS.HD:HEALTH_PHMC@DF_PHMC_SALES(1.0),Pharmaceuticals sales,I,ESP,Spain,PH_SALES,Pharmaceutical sales,USD_PPP_PS,"US dollars per person, PPP converted",_Z,Not applicable,_T,Total,2019,,692.9,,,,,,,,0,Units,,
DATAFLOW,OECD.ELS.HD:HEALTH_PHMC@DF_PHMC_SALES(1.0),Pharmaceuticals sales,I,ESP,Spain,PH_SALES,Pharmaceutical sales,USD_PPP_PS,"US dollars per person, PPP converted",_Z,Not applicable,_T,Total,2020,,707,,,,,,,,0,Units,,
DATAFLOW,OECD.ELS.HD:HEALTH_PHMC@DF_PHMC_SALES(1.0),Pharmaceuticals sales,I,ESP,Spain,PH_SALES,Pharmaceutical sales,USD_PPP_PS,"US dollars per person, PPP converted",_Z,Not applicable,_T,Total,2021,,743.3,,,,,,,,0,Units,,
DATAFLOW,OECD.ELS.HD:HEALTH_PHMC@DF_PHMC_SALES(1.0),Pharmaceuticals sales,I,ESP,Spain,PH_SALES,Pharmaceutical sales,USD_PPP_PS,"US dollars per person, PPP converted",_Z,Not applicable,_T,Total,2022,,815.6,,,,,,,,0,Units,,
DATAFLOW,OECD.ELS.HD:HEALTH_PHMC@DF_PHMC_SALES(1.0),Pharmaceuticals sales,I,NLD,Netherlands,PH_SALES,Pharmaceutical sales,USD_PPP_PS,"US dollars per person, PPP converted",_Z,Not applicable,_T,Total,2011,,373.3,,D,Definition differs,,,,,0,Units,,
DATAFLOW,OECD.ELS.HD:HEALTH_PHMC@DF_PHMC_SALES(1.0),Pharmaceuticals sales,I,NLD,Netherlands,PH_SALES,Pharmaceutical sales,USD_PPP_PS,"US dollars per person, PPP converted",_Z,Not applicable,_T,Total,2012,,333.6,,D,Definition differs,,,,,0,Units,,
DATAFLOW,OECD.ELS.HD:HEALTH_PHMC@DF_PHMC_SALES(1.0),Pharmaceuticals sales,I,NLD,Netherlands,PH_SALES,Pharmaceutical sales,USD_PPP_PS,"US dollars per person, PPP converted",_Z,Not applicable,_T,Total,2013,,320.7,,D,Definition differs,,,,,0,Units,,
DATAFLOW,OECD.ELS.HD:HEALTH_PHMC@DF_PHMC_SALES(1.0),Pharmaceuticals sales,I,NLD,Netherlands,PH_SALES,Pharmaceutical sales,USD_PPP_PS,"US dollars per person, PPP converted",_Z,Not applicable,_T,Total,2014,,317.3,,D,Definition differs,,,,,0,Units,,
DATAFLOW,OECD.ELS.HD:HEALTH_PHMC@DF_PHMC_SALES(1.0),Pharmaceuticals sales,I,NLD,Netherlands,PH_SALES,Pharmaceutical sales,USD_PPP_PS,"US dollars per person, PPP converted",_Z,Not applicable,_T,Total,2015,,325.3,,D,Definition differs,,,,,0,Units,,
DATAFLOW,OECD.ELS.HD:HEALTH_PHMC@DF_PHMC_SALES(1.0),Pharmaceuticals sales,I,NLD,Netherlands,PH_SALES,Pharmaceutical sales,USD_PPP_PS,"US dollars per person, PPP converted",_Z,Not applicable,_T,Total,2016,,334.6,,D,Definition differs,,,,,0,Units,,
DATAFLOW,OECD.ELS.HD:HEALTH_PHMC@DF_PHMC_SALES(1.0),Pharmaceuticals sales,I,NLD,Netherlands,PH_SALES,Pharmaceutical sales,USD_PPP_PS,"US dollars per person, PPP converted",_Z,Not applicable,_T,Total,2017,,340.4,,D,Definition differs,,,,,0,Units,,
DATAFLOW,OECD.ELS.HD:HEALTH_PHMC@DF_PHMC_SALES(1.0),Pharmaceuticals sales,I,NLD,Netherlands,PH_SALES,Pharmaceutical sales,USD_PPP_PS,"US dollars per person, PPP converted",_Z,Not applicable,_T,Total,2018,,345.5,,D,Definition differs,,,,,0,Units,,
DATAFLOW,OECD.ELS.HD:HEALTH_PHMC@DF_PHMC_SALES(1.0),Pharmaceuticals sales,I,NLD,Netherlands,PH_SALES,Pharmaceutical sales,USD_PPP_PS,"US dollars per person, PPP converted",_Z,Not applicable,_T,Total,2019,,359.1,,D,Definition differs,,,,,0,Units,,
DATAFLOW,OECD.ELS.HD:HEALTH_PHMC@DF_PHMC_SALES(1.0),Pharmaceuticals sales,I,NLD,Netherlands,PH_SALES,Pharmaceutical sales,USD_PPP_PS,"US dollars per person, PPP converted",_Z,Not applicable,_T,Total,2020,,372.1,,D,Definition differs,,,,,0,Units,,
DATAFLOW,OECD.ELS.HD:HEALTH_PHMC@DF_PHMC_SALES(1.0),Pharmaceuticals sales,I,NLD,Netherlands,PH_SALES,Pharmaceutical sales,USD_PPP_PS,"US dollars per person, PPP converted",_Z,Not applicable,_T,Total,2021,,361.4,,D,Definition differs,,,,,0,Units,,
DATAFLOW,OECD.ELS.HD:HEALTH_PHMC@DF_PHMC_SALES(1.0),Pharmaceuticals sales,I,NLD,Netherlands,PH_SALES,Pharmaceutical sales,USD_PPP_PS,"US dollars per person, PPP converted",_Z,Not applicable,_T,Total,2022,,391.3,,D,Definition differs,,,,,0,Units,,
DATAFLOW,OECD.ELS.HD:HEALTH_PHMC@DF_PHMC_SALES(1.0),Pharmaceuticals sales,I,CZE,Czechia,PH_SALES,Pharmaceutical sales,USD_PPP_PS,"US dollars per person, PPP converted",_Z,Not applicable,_T,Total,2011,,577.7,,,,,,,,0,Units,,
DATAFLOW,OECD.ELS.HD:HEALTH_PHMC@DF_PHMC_SALES(1.0),Pharmaceuticals sales,I,CZE,Czechia,PH_SALES,Pharmaceutical sales,USD_PPP_PS,"US dollars per person, PPP converted",_Z,Not applicable,_T,Total,2012,,599.3,,,,,,,,0,Units,,
DATAFLOW,OECD.ELS.HD:HEALTH_PHMC@DF_PHMC_SALES(1.0),Pharmaceuticals sales,I,CZE,Czechia,PH_SALES,Pharmaceutical sales,USD_PPP_PS,"US dollars per person, PPP converted",_Z,Not applicable,_T,Total,2013,,593.2,,,,,,,,0,Units,,
DATAFLOW,OECD.ELS.HD:HEALTH_PHMC@DF_PHMC_SALES(1.0),Pharmaceuticals sales,I,CZE,Czechia,PH_SALES,Pharmaceutical sales,USD_PPP_PS,"US dollars per person, PPP converted",_Z,Not applicable,_T,Total,2014,,606.4,,,,,,,,0,Units,,
DATAFLOW,OECD.ELS.HD:HEALTH_PHMC@DF_PHMC_SALES(1.0),Pharmaceuticals sales,I,CZE,Czechia,PH_SALES,Pharmaceutical sales,USD_PPP_PS,"US dollars per person, PPP converted",_Z,Not applicable,_T,Total,2015,,619.1,,,,,,,,0,Units,,
DATAFLOW,OECD.ELS.HD:HEALTH_PHMC@DF_PHMC_SALES(1.0),Pharmaceuticals sales,I,CZE,Czechia,PH_SALES,Pharmaceutical sales,USD_PPP_PS,"US dollars per person, PPP converted",_Z,Not applicable,_T,Total,2016,,656.8,,,,,,,,0,Units,,
DATAFLOW,OECD.ELS.HD:HEALTH_PHMC@DF_PHMC_SALES(1.0),Pharmaceuticals sales,I,CZE,Czechia,PH_SALES,Pharmaceutical sales,USD_PPP_PS,"US dollars per person, PPP converted",_Z,Not applicable,_T,Total,2017,,699.3,,,,,,,,0,Units,,
DATAFLOW,OECD.ELS.HD:HEALTH_PHMC@DF_PHMC_SALES(1.0),Pharmaceuticals sales,I,CZE,Czechia,PH_SALES,Pharmaceutical sales,USD_PPP_PS,"US dollars per person, PPP converted",_Z,Not applicable,_T,Total,2018,,745.4,,,,,,,,0,Units,,
DATAFLOW,OECD.ELS.HD:HEALTH_PHMC@DF_PHMC_SALES(1.0),Pharmaceuticals sales,I,CZE,Czechia,PH_SALES,Pharmaceutical sales,USD_PPP_PS,"US dollars per person, PPP converted",_Z,Not applicable,_T,Total,2019,,789.6,,,,,,,,0,Units,,
DATAFLOW,OECD.ELS.HD:HEALTH_PHMC@DF_PHMC_SALES(1.0),Pharmaceuticals sales,I,CZE,Czechia,PH_SALES,Pharmaceutical sales,USD_PPP_PS,"US dollars per person, PPP converted",_Z,Not applicable,_T,Total,2020,,658.4,,B,Time series break,,,,,0,Units,,
DATAFLOW,OECD.ELS.HD:HEALTH_PHMC@DF_PHMC_SALES(1.0),Pharmaceuticals sales,I,CZE,Czechia,PH_SALES,Pharmaceutical sales,USD_PPP_PS,"US dollars per person, PPP converted",_Z,Not applicable,_T,Total,2021,,695,,,,,,,,0,Units,,
DATAFLOW,OECD.ELS.HD:HEALTH_PHMC@DF_PHMC_SALES(1.0),Pharmaceuticals sales,I,CZE,Czechia,PH_SALES,Pharmaceutical sales,USD_PPP_PS,"US dollars per person, PPP converted",_Z,Not applicable,_T,Total,2022,,767.4,,,,,,,,0,Units,,
DATAFLOW,OECD.ELS.HD:HEALTH_PHMC@DF_PHMC_SALES(1.0),Pharmaceuticals sales,I,LVA,Latvia,PH_SALES,Pharmaceutical sales,USD_PPP_PS,"US dollars per person, PPP converted",_Z,Not applicable,_T,Total,2011,,282.3,,D,Definition differs,,,,,0,Units,,
DATAFLOW,OECD.ELS.HD:HEALTH_PHMC@DF_PHMC_SALES(1.0),Pharmaceuticals sales,I,LVA,Latvia,PH_SALES,Pharmaceutical sales,USD_PPP_PS,"US dollars per person, PPP converted",_Z,Not applicable,_T,Total,2012,,286.9,,D,Definition differs,,,,,0,Units,,
DATAFLOW,OECD.ELS.HD:HEALTH_PHMC@DF_PHMC_SALES(1.0),Pharmaceuticals sales,I,LVA,Latvia,PH_SALES,Pharmaceutical sales,USD_PPP_PS,"US dollars per person, PPP converted",_Z,Not applicable,_T,Total,2013,,306,,D,Definition differs,,,,,0,Units,,
DATAFLOW,OECD.ELS.HD:HEALTH_PHMC@DF_PHMC_SALES(1.0),Pharmaceuticals sales,I,LVA,Latvia,PH_SALES,Pharmaceutical sales,USD_PPP_PS,"US dollars per person, PPP converted",_Z,Not applicable,_T,Total,2014,,318.4,,D,Definition differs,,,,,0,Units,,
DATAFLOW,OECD.ELS.HD:HEALTH_PHMC@DF_PHMC_SALES(1.0),Pharmaceuticals sales,I,LVA,Latvia,PH_SALES,Pharmaceutical sales,USD_PPP_PS,"US dollars per person, PPP converted",_Z,Not applicable,_T,Total,2015,,336.9,,D,Definition differs,,,,,0,Units,,
DATAFLOW,OECD.ELS.HD:HEALTH_PHMC@DF_PHMC_SALES(1.0),Pharmaceuticals sales,I,LVA,Latvia,PH_SALES,Pharmaceutical sales,USD_PPP_PS,"US dollars per person, PPP converted",_Z,Not applicable,_T,Total,2016,,388.8,,D,Definition differs,,,,,0,Units,,
DATAFLOW,OECD.ELS.HD:HEALTH_PHMC@DF_PHMC_SALES(1.0),Pharmaceuticals sales,I,LVA,Latvia,PH_SALES,Pharmaceutical sales,USD_PPP_PS,"US dollars per person, PPP converted",_Z,Not applicable,_T,Total,2017,,417.4,,D,Definition differs,,,,,0,Units,,
DATAFLOW,OECD.ELS.HD:HEALTH_PHMC@DF_PHMC_SALES(1.0),Pharmaceuticals sales,I,LVA,Latvia,PH_SALES,Pharmaceutical sales,USD_PPP_PS,"US dollars per person, PPP converted",_Z,Not applicable,_T,Total,2018,,435.7,,D,Definition differs,,,,,0,Units,,
DATAFLOW,OECD.ELS.HD:HEALTH_PHMC@DF_PHMC_SALES(1.0),Pharmaceuticals sales,I,LVA,Latvia,PH_SALES,Pharmaceutical sales,USD_PPP_PS,"US dollars per person, PPP converted",_Z,Not applicable,_T,Total,2019,,457.9,,D,Definition differs,,,,,0,Units,,
DATAFLOW,OECD.ELS.HD:HEALTH_PHMC@DF_PHMC_SALES(1.0),Pharmaceuticals sales,I,LVA,Latvia,PH_SALES,Pharmaceutical sales,USD_PPP_PS,"US dollars per person, PPP converted",_Z,Not applicable,_T,Total,2020,,487.8,,D,Definition differs,,,,,0,Units,,
DATAFLOW,OECD.ELS.HD:HEALTH_PHMC@DF_PHMC_SALES(1.0),Pharmaceuticals sales,I,LVA,Latvia,PH_SALES,Pharmaceutical sales,USD_PPP_PS,"US dollars per person, PPP converted",_Z,Not applicable,_T,Total,2021,,478.6,,D,Definition differs,,,,,0,Units,,
DATAFLOW,OECD.ELS.HD:HEALTH_PHMC@DF_PHMC_SALES(1.0),Pharmaceuticals sales,I,LVA,Latvia,PH_SALES,Pharmaceutical sales,USD_PPP_PS,"US dollars per person, PPP converted",_Z,Not applicable,_T,Total,2022,,541.8,,D,Definition differs,,,,,0,Units,,
DATAFLOW,OECD.ELS.HD:HEALTH_PHMC@DF_PHMC_SALES(1.0),Pharmaceuticals sales,I,AUT,Austria,PH_SALES,Pharmaceutical sales,USD_PPP_PS,"US dollars per person, PPP converted",_Z,Not applicable,_T,Total,2011,,365.6,,D,Definition differs,,,,,0,Units,,
DATAFLOW,OECD.ELS.HD:HEALTH_PHMC@DF_PHMC_SALES(1.0),Pharmaceuticals sales,I,AUT,Austria,PH_SALES,Pharmaceutical sales,USD_PPP_PS,"US dollars per person, PPP converted",_Z,Not applicable,_T,Total,2012,,381.1,,D,Definition differs,,,,,0,Units,,
DATAFLOW,OECD.ELS.HD:HEALTH_PHMC@DF_PHMC_SALES(1.0),Pharmaceuticals sales,I,AUT,Austria,PH_SALES,Pharmaceutical sales,USD_PPP_PS,"US dollars per person, PPP converted",_Z,Not applicable,_T,Total,2013,,390,,D,Definition differs,,,,,0,Units,,
DATAFLOW,OECD.ELS.HD:HEALTH_PHMC@DF_PHMC_SALES(1.0),Pharmaceuticals sales,I,AUT,Austria,PH_SALES,Pharmaceutical sales,USD_PPP_PS,"US dollars per person, PPP converted",_Z,Not applicable,_T,Total,2014,,408.4,,D,Definition differs,,,,,0,Units,,
DATAFLOW,OECD.ELS.HD:HEALTH_PHMC@DF_PHMC_SALES(1.0),Pharmaceuticals sales,I,AUT,Austria,PH_SALES,Pharmaceutical sales,USD_PPP_PS,"US dollars per person, PPP converted",_Z,Not applicable,_T,Total,2015,,424.9,,D,Definition differs,,,,,0,Units,,
DATAFLOW,OECD.ELS.HD:HEALTH_PHMC@DF_PHMC_SALES(1.0),Pharmaceuticals sales,I,AUT,Austria,PH_SALES,Pharmaceutical sales,USD_PPP_PS,"US dollars per person, PPP converted",_Z,Not applicable,_T,Total,2016,,442.7,,D,Definition differs,,,,,0,Units,,
DATAFLOW,OECD.ELS.HD:HEALTH_PHMC@DF_PHMC_SALES(1.0),Pharmaceuticals sales,I,AUT,Austria,PH_SALES,Pharmaceutical sales,USD_PPP_PS,"US dollars per person, PPP converted",_Z,Not applicable,_T,Total,2017,,458.8,,D,Definition differs,,,,,0,Units,,
DATAFLOW,OECD.ELS.HD:HEALTH_PHMC@DF_PHMC_SALES(1.0),Pharmaceuticals sales,I,AUT,Austria,PH_SALES,Pharmaceutical sales,USD_PPP_PS,"US dollars per person, PPP converted",_Z,Not applicable,_T,Total,2018,,475.1,,D,Definition differs,,,,,0,Units,,
DATAFLOW,OECD.ELS.HD:HEALTH_PHMC@DF_PHMC_SALES(1.0),Pharmaceuticals sales,I,AUT,Austria,PH_SALES,Pharmaceutical sales,USD_PPP_PS,"US dollars per person, PPP converted",_Z,Not applicable,_T,Total,2019,,498.1,,D,Definition differs,,,,,0,Units,,
DATAFLOW,OECD.ELS.HD:HEALTH_PHMC@DF_PHMC_SALES(1.0),Pharmaceuticals sales,I,AUT,Austria,PH_SALES,Pharmaceutical sales,USD_PPP_PS,"US dollars per person, PPP converted",_Z,Not applicable,_T,Total,2020,,522.3,,D,Definition differs,,,,,0,Units,,
DATAFLOW,OECD.ELS.HD:HEALTH_PHMC@DF_PHMC_SALES(1.0),Pharmaceuticals sales,I,AUT,Austria,PH_SALES,Pharmaceutical sales,USD_PPP_PS,"US dollars per person, PPP converted",_Z,Not applicable,_T,Total,2021,,548.2,,D,Definition differs,,,,,0,Units,,
DATAFLOW,OECD.ELS.HD:HEALTH_PHMC@DF_PHMC_SALES(1.0),Pharmaceuticals sales,I,AUT,Austria,PH_SALES,Pharmaceutical sales,USD_PPP_PS,"US dollars per person, PPP converted",_Z,Not applicable,_T,Total,2022,,612.9,,D,Definition differs,,,,,0,Units,,
DATAFLOW,OECD.ELS.HD:HEALTH_PHMC@DF_PHMC_SALES(1.0),Pharmaceuticals sales,I,CHE,Switzerland,PH_SALES,Pharmaceutical sales,USD_PPP_PS,"US dollars per person, PPP converted",_Z,Not applicable,_T,Total,2019,,678.8,,D,Definition differs,,,,,0,Units,,
DATAFLOW,OECD.ELS.HD:HEALTH_PHMC@DF_PHMC_SALES(1.0),Pharmaceuticals sales,I,CHE,Switzerland,PH_SALES,Pharmaceutical sales,USD_PPP_PS,"US dollars per person, PPP converted",_Z,Not applicable,_T,Total,2020,,696.8,,D,Definition differs,,,,,0,Units,,
DATAFLOW,OECD.ELS.HD:HEALTH_PHMC@DF_PHMC_SALES(1.0),Pharmaceuticals sales,I,CHE,Switzerland,PH_SALES,Pharmaceutical sales,USD_PPP_PS,"US dollars per person, PPP converted",_Z,Not applicable,_T,Total,2021,,738.8,,D,Definition differs,,,,,0,Units,,
DATAFLOW,OECD.ELS.HD:HEALTH_PHMC@DF_PHMC_SALES(1.0),Pharmaceuticals sales,I,CHE,Switzerland,PH_SALES,Pharmaceutical sales,USD_PPP_PS,"US dollars per person, PPP converted",_Z,Not applicable,_T,Total,2022,,812,,D,Definition differs,,,,,0,Units,,
DATAFLOW,OECD.ELS.HD:HEALTH_PHMC@DF_PHMC_SALES(1.0),Pharmaceuticals sales,I,CHE,Switzerland,PH_SALES,Pharmaceutical sales,USD_PPP_PS,"US dollars per person, PPP converted",_Z,Not applicable,_T,Total,2010,,500.7,,D,Definition differs,,,,,0,Units,,
DATAFLOW,OECD.ELS.HD:HEALTH_PHMC@DF_PHMC_SALES(1.0),Pharmaceuticals sales,I,CHE,Switzerland,PH_SALES,Pharmaceutical sales,USD_PPP_PS,"US dollars per person, PPP converted",_Z,Not applicable,_T,Total,2011,,522.4,,D,Definition differs,,,,,0,Units,,
DATAFLOW,OECD.ELS.HD:HEALTH_PHMC@DF_PHMC_SALES(1.0),Pharmaceuticals sales,I,CHE,Switzerland,PH_SALES,Pharmaceutical sales,USD_PPP_PS,"US dollars per person, PPP converted",_Z,Not applicable,_T,Total,2012,,548.3,,D,Definition differs,,,,,0,Units,,
DATAFLOW,OECD.ELS.HD:HEALTH_PHMC@DF_PHMC_SALES(1.0),Pharmaceuticals sales,I,CHE,Switzerland,PH_SALES,Pharmaceutical sales,USD_PPP_PS,"US dollars per person, PPP converted",_Z,Not applicable,_T,Total,2013,,558.7,,D,Definition differs,,,,,0,Units,,
DATAFLOW,OECD.ELS.HD:HEALTH_PHMC@DF_PHMC_SALES(1.0),Pharmaceuticals sales,I,CHE,Switzerland,PH_SALES,Pharmaceutical sales,USD_PPP_PS,"US dollars per person, PPP converted",_Z,Not applicable,_T,Total,2014,,565.1,,D,Definition differs,,,,,0,Units,,
DATAFLOW,OECD.ELS.HD:HEALTH_PHMC@DF_PHMC_SALES(1.0),Pharmaceuticals sales,I,CHE,Switzerland,PH_SALES,Pharmaceutical sales,USD_PPP_PS,"US dollars per person, PPP converted",_Z,Not applicable,_T,Total,2015,,604.2,,D,Definition differs,,,,,0,Units,,
DATAFLOW,OECD.ELS.HD:HEALTH_PHMC@DF_PHMC_SALES(1.0),Pharmaceuticals sales,I,CHE,Switzerland,PH_SALES,Pharmaceutical sales,USD_PPP_PS,"US dollars per person, PPP converted",_Z,Not applicable,_T,Total,2016,,633.9,,B,Time series break,D,Definition differs,,,0,Units,,
DATAFLOW,OECD.ELS.HD:HEALTH_PHMC@DF_PHMC_SALES(1.0),Pharmaceuticals sales,I,CHE,Switzerland,PH_SALES,Pharmaceutical sales,USD_PPP_PS,"US dollars per person, PPP converted",_Z,Not applicable,_T,Total,2017,,649.5,,D,Definition differs,,,,,0,Units,,
DATAFLOW,OECD.ELS.HD:HEALTH_PHMC@DF_PHMC_SALES(1.0),Pharmaceuticals sales,I,FIN,Finland,PH_SALES,Pharmaceutical sales,USD_PPP_PS,"US dollars per person, PPP converted",_Z,Not applicable,_T,Total,2011,,398.4,,,,,,,,0,Units,,
DATAFLOW,OECD.ELS.HD:HEALTH_PHMC@DF_PHMC_SALES(1.0),Pharmaceuticals sales,I,FIN,Finland,PH_SALES,Pharmaceutical sales,USD_PPP_PS,"US dollars per person, PPP converted",_Z,Not applicable,_T,Total,2012,,399.5,,,,,,,,0,Units,,
DATAFLOW,OECD.ELS.HD:HEALTH_PHMC@DF_PHMC_SALES(1.0),Pharmaceuticals sales,I,FIN,Finland,PH_SALES,Pharmaceutical sales,USD_PPP_PS,"US dollars per person, PPP converted",_Z,Not applicable,_T,Total,2013,,408.7,,,,,,,,0,Units,,
DATAFLOW,OECD.ELS.HD:HEALTH_PHMC@DF_PHMC_SALES(1.0),Pharmaceuticals sales,I,FIN,Finland,PH_SALES,Pharmaceutical sales,USD_PPP_PS,"US dollars per person, PPP converted",_Z,Not applicable,_T,Total,2014,,422.5,,,,,,,,0,Units,,
DATAFLOW,OECD.ELS.HD:HEALTH_PHMC@DF_PHMC_SALES(1.0),Pharmaceuticals sales,I,FIN,Finland,PH_SALES,Pharmaceutical sales,USD_PPP_PS,"US dollars per person, PPP converted",_Z,Not applicable,_T,Total,2015,,442.3,,,,,,,,0,Units,,
DATAFLOW,OECD.ELS.HD:HEALTH_PHMC@DF_PHMC_SALES(1.0),Pharmaceuticals sales,I,FIN,Finland,PH_SALES,Pharmaceutical sales,USD_PPP_PS,"US dollars per person, PPP converted",_Z,Not applicable,_T,Total,2016,,472.8,,,,,,,,0,Units,,
DATAFLOW,OECD.ELS.HD:HEALTH_PHMC@DF_PHMC_SALES(1.0),Pharmaceuticals sales,I,FIN,Finland,PH_SALES,Pharmaceutical sales,USD_PPP_PS,"US dollars per person, PPP converted",_Z,Not applicable,_T,Total,2017,,486.4,,,,,,,,0,Units,,
DATAFLOW,OECD.ELS.HD:HEALTH_PHMC@DF_PHMC_SALES(1.0),Pharmaceuticals sales,I,FIN,Finland,PH_SALES,Pharmaceutical sales,USD_PPP_PS,"US dollars per person, PPP converted",_Z,Not applicable,_T,Total,2018,,531.4,,,,,,,,0,Units,,
DATAFLOW,OECD.ELS.HD:HEALTH_PHMC@DF_PHMC_SALES(1.0),Pharmaceuticals sales,I,FIN,Finland,PH_SALES,Pharmaceutical sales,USD_PPP_PS,"US dollars per person, PPP converted",_Z,Not applicable,_T,Total,2019,,574.3,,,,,,,,0,Units,,
DATAFLOW,OECD.ELS.HD:HEALTH_PHMC@DF_PHMC_SALES(1.0),Pharmaceuticals sales,I,FIN,Finland,PH_SALES,Pharmaceutical sales,USD_PPP_PS,"US dollars per person, PPP converted",_Z,Not applicable,_T,Total,2020,,591.9,,,,,,,,0,Units,,
DATAFLOW,OECD.ELS.HD:HEALTH_PHMC@DF_PHMC_SALES(1.0),Pharmaceuticals sales,I,FIN,Finland,PH_SALES,Pharmaceutical sales,USD_PPP_PS,"US dollars per person, PPP converted",_Z,Not applicable,_T,Total,2021,,622.7,,,,,,,,0,Units,,
DATAFLOW,OECD.ELS.HD:HEALTH_PHMC@DF_PHMC_SALES(1.0),Pharmaceuticals sales,I,FIN,Finland,PH_SALES,Pharmaceutical sales,USD_PPP_PS,"US dollars per person, PPP converted",_Z,Not applicable,_T,Total,2022,,645.7,,,,,,,,0,Units,,
DATAFLOW,OECD.ELS.HD:HEALTH_PHMC@DF_PHMC_SALES(1.0),Pharmaceuticals sales,I,NOR,Norway,PH_SALES,Pharmaceutical sales,USD_PPP_PS,"US dollars per person, PPP converted",_Z,Not applicable,_T,Total,2011,,404.6,,,,,,,,0,Units,,
DATAFLOW,OECD.ELS.HD:HEALTH_PHMC@DF_PHMC_SALES(1.0),Pharmaceuticals sales,I,NOR,Norway,PH_SALES,Pharmaceutical sales,USD_PPP_PS,"US dollars per person, PPP converted",_Z,Not applicable,_T,Total,2012,,414.5,,,,,,,,0,Units,,
DATAFLOW,OECD.ELS.HD:HEALTH_PHMC@DF_PHMC_SALES(1.0),Pharmaceuticals sales,I,NOR,Norway,PH_SALES,Pharmaceutical sales,USD_PPP_PS,"US dollars per person, PPP converted",_Z,Not applicable,_T,Total,2013,,420.8,,,,,,,,0,Units,,
DATAFLOW,OECD.ELS.HD:HEALTH_PHMC@DF_PHMC_SALES(1.0),Pharmaceuticals sales,I,NOR,Norway,PH_SALES,Pharmaceutical sales,USD_PPP_PS,"US dollars per person, PPP converted",_Z,Not applicable,_T,Total,2014,,442.2,,,,,,,,0,Units,,
DATAFLOW,OECD.ELS.HD:HEALTH_PHMC@DF_PHMC_SALES(1.0),Pharmaceuticals sales,I,NOR,Norway,PH_SALES,Pharmaceutical sales,USD_PPP_PS,"US dollars per person, PPP converted",_Z,Not applicable,_T,Total,2015,,441.7,,,,,,,,0,Units,,
DATAFLOW,OECD.ELS.HD:HEALTH_PHMC@DF_PHMC_SALES(1.0),Pharmaceuticals sales,I,NOR,Norway,PH_SALES,Pharmaceutical sales,USD_PPP_PS,"US dollars per person, PPP converted",_Z,Not applicable,_T,Total,2016,,471.1,,,,,,,,0,Units,,
DATAFLOW,OECD.ELS.HD:HEALTH_PHMC@DF_PHMC_SALES(1.0),Pharmaceuticals sales,I,NOR,Norway,PH_SALES,Pharmaceutical sales,USD_PPP_PS,"US dollars per person, PPP converted",_Z,Not applicable,_T,Total,2017,,518,,,,,,,,0,Units,,
DATAFLOW,OECD.ELS.HD:HEALTH_PHMC@DF_PHMC_SALES(1.0),Pharmaceuticals sales,I,NOR,Norway,PH_SALES,Pharmaceutical sales,USD_PPP_PS,"US dollars per person, PPP converted",_Z,Not applicable,_T,Total,2018,,540,,,,,,,,0,Units,,
DATAFLOW,OECD.ELS.HD:HEALTH_PHMC@DF_PHMC_SALES(1.0),Pharmaceuticals sales,I,NOR,Norway,PH_SALES,Pharmaceutical sales,USD_PPP_PS,"US dollars per person, PPP converted",_Z,Not applicable,_T,Total,2019,,552,,,,,,,,0,Units,,
DATAFLOW,OECD.ELS.HD:HEALTH_PHMC@DF_PHMC_SALES(1.0),Pharmaceuticals sales,I,NOR,Norway,PH_SALES,Pharmaceutical sales,USD_PPP_PS,"US dollars per person, PPP converted",_Z,Not applicable,_T,Total,2020,,559,,,,,,,,0,Units,,
DATAFLOW,OECD.ELS.HD:HEALTH_PHMC@DF_PHMC_SALES(1.0),Pharmaceuticals sales,I,NOR,Norway,PH_SALES,Pharmaceutical sales,USD_PPP_PS,"US dollars per person, PPP converted",_Z,Not applicable,_T,Total,2021,,652.4,,,,,,,,0,Units,,
DATAFLOW,OECD.ELS.HD:HEALTH_PHMC@DF_PHMC_SALES(1.0),Pharmaceuticals sales,I,NOR,Norway,PH_SALES,Pharmaceutical sales,USD_PPP_PS,"US dollars per person, PPP converted",_Z,Not applicable,_T,Total,2022,,614.4,,,,,,,,0,Units,,
DATAFLOW,OECD.ELS.HD:HEALTH_PHMC@DF_PHMC_SALES(1.0),Pharmaceuticals sales,I,KOR,Korea,PH_SALES,Pharmaceutical sales,USD_PPP_PS,"US dollars per person, PPP converted",_Z,Not applicable,_T,Total,2011,,516.8,,B,Time series break,,,,,0,Units,,
DATAFLOW,OECD.ELS.HD:HEALTH_PHMC@DF_PHMC_SALES(1.0),Pharmaceuticals sales,I,KOR,Korea,PH_SALES,Pharmaceutical sales,USD_PPP_PS,"US dollars per person, PPP converted",_Z,Not applicable,_T,Total,2012,,506.5,,,,,,,,0,Units,,
DATAFLOW,OECD.ELS.HD:HEALTH_PHMC@DF_PHMC_SALES(1.0),Pharmaceuticals sales,I,KOR,Korea,PH_SALES,Pharmaceutical sales,USD_PPP_PS,"US dollars per person, PPP converted",_Z,Not applicable,_T,Total,2013,,514.7,,,,,,,,0,Units,,
DATAFLOW,OECD.ELS.HD:HEALTH_PHMC@DF_PHMC_SALES(1.0),Pharmaceuticals sales,I,KOR,Korea,PH_SALES,Pharmaceutical sales,USD_PPP_PS,"US dollars per person, PPP converted",_Z,Not applicable,_T,Total,2014,,535,,,,,,,,0,Units,,
DATAFLOW,OECD.ELS.HD:HEALTH_PHMC@DF_PHMC_SALES(1.0),Pharmaceuticals sales,I,KOR,Korea,PH_SALES,Pharmaceutical sales,USD_PPP_PS,"US dollars per person, PPP converted",_Z,Not applicable,_T,Total,2015,,562.5,,,,,,,,0,Units,,
DATAFLOW,OECD.ELS.HD:HEALTH_PHMC@DF_PHMC_SALES(1.0),Pharmaceuticals sales,I,KOR,Korea,PH_SALES,Pharmaceutical sales,USD_PPP_PS,"US dollars per person, PPP converted",_Z,Not applicable,_T,Total,2016,,577.3,,B,Time series break,,,,,0,Units,,
DATAFLOW,OECD.ELS.HD:HEALTH_PHMC@DF_PHMC_SALES(1.0),Pharmaceuticals sales,I,KOR,Korea,PH_SALES,Pharmaceutical sales,USD_PPP_PS,"US dollars per person, PPP converted",_Z,Not applicable,_T,Total,2017,,601.5,,,,,,,,0,Units,,
DATAFLOW,OECD.ELS.HD:HEALTH_PHMC@DF_PHMC_SALES(1.0),Pharmaceuticals sales,I,KOR,Korea,PH_SALES,Pharmaceutical sales,USD_PPP_PS,"US dollars per person, PPP converted",_Z,Not applicable,_T,Total,2018,,655.2,,,,,,,,0,Units,,
DATAFLOW,OECD.ELS.HD:HEALTH_PHMC@DF_PHMC_SALES(1.0),Pharmaceuticals sales,I,KOR,Korea,PH_SALES,Pharmaceutical sales,USD_PPP_PS,"US dollars per person, PPP converted",_Z,Not applicable,_T,Total,2019,,700,,,,,,,,0,Units,,
DATAFLOW,OECD.ELS.HD:HEALTH_PHMC@DF_PHMC_SALES(1.0),Pharmaceuticals sales,I,KOR,Korea,PH_SALES,Pharmaceutical sales,USD_PPP_PS,"US dollars per person, PPP converted",_Z,Not applicable,_T,Total,2020,,749,,,,,,,,0,Units,,
DATAFLOW,OECD.ELS.HD:HEALTH_PHMC@DF_PHMC_SALES(1.0),Pharmaceuticals sales,I,KOR,Korea,PH_SALES,Pharmaceutical sales,USD_PPP_PS,"US dollars per person, PPP converted",_Z,Not applicable,_T,Total,2021,,785.3,,,,,,,,0,Units,,
DATAFLOW,OECD.ELS.HD:HEALTH_PHMC@DF_PHMC_SALES(1.0),Pharmaceuticals sales,I,KOR,Korea,PH_SALES,Pharmaceutical sales,USD_PPP_PS,"US dollars per person, PPP converted",_Z,Not applicable,_T,Total,2022,,910.4,,,,,,,,0,Units,,
DATAFLOW,OECD.ELS.HD:HEALTH_PHMC@DF_PHMC_SALES(1.0),Pharmaceuticals sales,I,CAN,Canada,PH_SALES,Pharmaceutical sales,USD_PPP_PS,"US dollars per person, PPP converted",_Z,Not applicable,_T,Total,2014,,585.2,,D,Definition differs,,,,,0,Units,,
DATAFLOW,OECD.ELS.HD:HEALTH_PHMC@DF_PHMC_SALES(1.0),Pharmaceuticals sales,I,CAN,Canada,PH_SALES,Pharmaceutical sales,USD_PPP_PS,"US dollars per person, PPP converted",_Z,Not applicable,_T,Total,2015,,608.8,,D,Definition differs,,,,,0,Units,,
DATAFLOW,OECD.ELS.HD:HEALTH_PHMC@DF_PHMC_SALES(1.0),Pharmaceuticals sales,I,CAN,Canada,PH_SALES,Pharmaceutical sales,USD_PPP_PS,"US dollars per person, PPP converted",_Z,Not applicable,_T,Total,2016,,650.1,,D,Definition differs,,,,,0,Units,,
DATAFLOW,OECD.ELS.HD:HEALTH_PHMC@DF_PHMC_SALES(1.0),Pharmaceuticals sales,I,CAN,Canada,PH_SALES,Pharmaceutical sales,USD_PPP_PS,"US dollars per person, PPP converted",_Z,Not applicable,_T,Total,2017,,672.1,,D,Definition differs,,,,,0,Units,,
DATAFLOW,OECD.ELS.HD:HEALTH_PHMC@DF_PHMC_SALES(1.0),Pharmaceuticals sales,I,CAN,Canada,PH_SALES,Pharmaceutical sales,USD_PPP_PS,"US dollars per person, PPP converted",_Z,Not applicable,_T,Total,2018,,684.3,,E,Estimated value,B,Time series break,D,Definition differs,0,Units,,
DATAFLOW,OECD.ELS.HD:HEALTH_PHMC@DF_PHMC_SALES(1.0),Pharmaceuticals sales,I,CAN,Canada,PH_SALES,Pharmaceutical sales,USD_PPP_PS,"US dollars per person, PPP converted",_Z,Not applicable,_T,Total,2019,,685.6,,E,Estimated value,D,Definition differs,,,0,Units,,
DATAFLOW,OECD.ELS.HD:HEALTH_PHMC@DF_PHMC_SALES(1.0),Pharmaceuticals sales,I,CAN,Canada,PH_SALES,Pharmaceutical sales,USD_PPP_PS,"US dollars per person, PPP converted",_Z,Not applicable,_T,Total,2020,,732.2,,E,Estimated value,D,Definition differs,,,0,Units,,
DATAFLOW,OECD.ELS.HD:HEALTH_PHMC@DF_PHMC_SALES(1.0),Pharmaceuticals sales,I,CAN,Canada,PH_SALES,Pharmaceutical sales,USD_PPP_PS,"US dollars per person, PPP converted",_Z,Not applicable,_T,Total,2021,,778.4,,E,Estimated value,D,Definition differs,,,0,Units,,
DATAFLOW,OECD.ELS.HD:HEALTH_PHMC@DF_PHMC_SALES(1.0),Pharmaceuticals sales,I,CAN,Canada,PH_SALES,Pharmaceutical sales,USD_PPP_PS,"US dollars per person, PPP converted",_Z,Not applicable,_T,Total,2022,,818.3,,E,Estimated value,D,Definition differs,,,0,Units,,
DATAFLOW,OECD.ELS.HD:HEALTH_PHMC@DF_PHMC_SALES(1.0),Pharmaceuticals sales,I,CAN,Canada,PH_SALES,Pharmaceutical sales,USD_PPP_PS,"US dollars per person, PPP converted",_Z,Not applicable,_T,Total,2012,,562.4,,D,Definition differs,,,,,0,Units,,
DATAFLOW,OECD.ELS.HD:HEALTH_PHMC@DF_PHMC_SALES(1.0),Pharmaceuticals sales,I,HUN,Hungary,PH_SALES,Pharmaceutical sales,USD_PPP_PS,"US dollars per person, PPP converted",_Z,Not applicable,_T,Total,2011,,416.4,,D,Definition differs,,,,,0,Units,,
DATAFLOW,OECD.ELS.HD:HEALTH_PHMC@DF_PHMC_SALES(1.0),Pharmaceuticals sales,I,HUN,Hungary,PH_SALES,Pharmaceutical sales,USD_PPP_PS,"US dollars per person, PPP converted",_Z,Not applicable,_T,Total,2012,,356.7,,D,Definition differs,,,,,0,Units,,
DATAFLOW,OECD.ELS.HD:HEALTH_PHMC@DF_PHMC_SALES(1.0),Pharmaceuticals sales,I,HUN,Hungary,PH_SALES,Pharmaceutical sales,USD_PPP_PS,"US dollars per person, PPP converted",_Z,Not applicable,_T,Total,2013,,347.9,,D,Definition differs,,,,,0,Units,,
DATAFLOW,OECD.ELS.HD:HEALTH_PHMC@DF_PHMC_SALES(1.0),Pharmaceuticals sales,I,HUN,Hungary,PH_SALES,Pharmaceutical sales,USD_PPP_PS,"US dollars per person, PPP converted",_Z,Not applicable,_T,Total,2014,,346.9,,D,Definition differs,,,,,0,Units,,
DATAFLOW,OECD.ELS.HD:HEALTH_PHMC@DF_PHMC_SALES(1.0),Pharmaceuticals sales,I,HUN,Hungary,PH_SALES,Pharmaceutical sales,USD_PPP_PS,"US dollars per person, PPP converted",_Z,Not applicable,_T,Total,2015,,357.5,,D,Definition differs,,,,,0,Units,,
DATAFLOW,OECD.ELS.HD:HEALTH_PHMC@DF_PHMC_SALES(1.0),Pharmaceuticals sales,I,HUN,Hungary,PH_SALES,Pharmaceutical sales,USD_PPP_PS,"US dollars per person, PPP converted",_Z,Not applicable,_T,Total,2016,,385,,D,Definition differs,,,,,0,Units,,
DATAFLOW,OECD.ELS.HD:HEALTH_PHMC@DF_PHMC_SALES(1.0),Pharmaceuticals sales,I,HUN,Hungary,PH_SALES,Pharmaceutical sales,USD_PPP_PS,"US dollars per person, PPP converted",_Z,Not applicable,_T,Total,2017,,370.3,,D,Definition differs,,,,,0,Units,,
DATAFLOW,OECD.ELS.HD:HEALTH_PHMC@DF_PHMC_SALES(1.0),Pharmaceuticals sales,I,HUN,Hungary,PH_SALES,Pharmaceutical sales,USD_PPP_PS,"US dollars per person, PPP converted",_Z,Not applicable,_T,Total,2018,,368.3,,D,Definition differs,,,,,0,Units,,
DATAFLOW,OECD.ELS.HD:HEALTH_PHMC@DF_PHMC_SALES(1.0),Pharmaceuticals sales,I,HUN,Hungary,PH_SALES,Pharmaceutical sales,USD_PPP_PS,"US dollars per person, PPP converted",_Z,Not applicable,_T,Total,2019,,383.4,,D,Definition differs,,,,,0,Units,,
DATAFLOW,OECD.ELS.HD:HEALTH_PHMC@DF_PHMC_SALES(1.0),Pharmaceuticals sales,I,HUN,Hungary,PH_SALES,Pharmaceutical sales,USD_PPP_PS,"US dollars per person, PPP converted",_Z,Not applicable,_T,Total,2020,,393.4,,D,Definition differs,,,,,0,Units,,
DATAFLOW,OECD.ELS.HD:HEALTH_PHMC@DF_PHMC_SALES(1.0),Pharmaceuticals sales,I,HUN,Hungary,PH_SALES,Pharmaceutical sales,USD_PPP_PS,"US dollars per person, PPP converted",_Z,Not applicable,_T,Total,2021,,378,,D,Definition differs,,,,,0,Units,,
DATAFLOW,OECD.ELS.HD:HEALTH_PHMC@DF_PHMC_SALES(1.0),Pharmaceuticals sales,I,HUN,Hungary,PH_SALES,Pharmaceutical sales,USD_PPP_PS,"US dollars per person, PPP converted",_Z,Not applicable,_T,Total,2022,,384.2,,D,Definition differs,,,,,0,Units,,
DATAFLOW,OECD.ELS.HD:HEALTH_PHMC@DF_PHMC_SALES(1.0),Pharmaceuticals sales,I,SWE,Sweden,PH_SALES,Pharmaceutical sales,USD_PPP_PS,"US dollars per person, PPP converted",_Z,Not applicable,_T,Total,2011,,440.1,,,,,,,,0,Units,,
DATAFLOW,OECD.ELS.HD:HEALTH_PHMC@DF_PHMC_SALES(1.0),Pharmaceuticals sales,I,SWE,Sweden,PH_SALES,Pharmaceutical sales,USD_PPP_PS,"US dollars per person, PPP converted",_Z,Not applicable,_T,Total,2012,,438.4,,,,,,,,0,Units,,
DATAFLOW,OECD.ELS.HD:HEALTH_PHMC@DF_PHMC_SALES(1.0),Pharmaceuticals sales,I,SWE,Sweden,PH_SALES,Pharmaceutical sales,USD_PPP_PS,"US dollars per person, PPP converted",_Z,Not applicable,_T,Total,2013,,440.3,,,,,,,,0,Units,,
DATAFLOW,OECD.ELS.HD:HEALTH_PHMC@DF_PHMC_SALES(1.0),Pharmaceuticals sales,I,SWE,Sweden,PH_SALES,Pharmaceutical sales,USD_PPP_PS,"US dollars per person, PPP converted",_Z,Not applicable,_T,Total,2014,,446.8,,,,,,,,0,Units,,
DATAFLOW,OECD.ELS.HD:HEALTH_PHMC@DF_PHMC_SALES(1.0),Pharmaceuticals sales,I,SWE,Sweden,PH_SALES,Pharmaceutical sales,USD_PPP_PS,"US dollars per person, PPP converted",_Z,Not applicable,_T,Total,2015,,467.4,,,,,,,,0,Units,,
DATAFLOW,OECD.ELS.HD:HEALTH_PHMC@DF_PHMC_SALES(1.0),Pharmaceuticals sales,I,SWE,Sweden,PH_SALES,Pharmaceutical sales,USD_PPP_PS,"US dollars per person, PPP converted",_Z,Not applicable,_T,Total,2016,,483.7,,,,,,,,0,Units,,
DATAFLOW,OECD.ELS.HD:HEALTH_PHMC@DF_PHMC_SALES(1.0),Pharmaceuticals sales,I,SWE,Sweden,PH_SALES,Pharmaceutical sales,USD_PPP_PS,"US dollars per person, PPP converted",_Z,Not applicable,_T,Total,2017,,490.9,,,,,,,,0,Units,,
DATAFLOW,OECD.ELS.HD:HEALTH_PHMC@DF_PHMC_SALES(1.0),Pharmaceuticals sales,I,SWE,Sweden,PH_SALES,Pharmaceutical sales,USD_PPP_PS,"US dollars per person, PPP converted",_Z,Not applicable,_T,Total,2018,,530.3,,,,,,,,0,Units,,
DATAFLOW,OECD.ELS.HD:HEALTH_PHMC@DF_PHMC_SALES(1.0),Pharmaceuticals sales,I,SWE,Sweden,PH_SALES,Pharmaceutical sales,USD_PPP_PS,"US dollars per person, PPP converted",_Z,Not applicable,_T,Total,2019,,564.3,,,,,,,,0,Units,,
DATAFLOW,OECD.ELS.HD:HEALTH_PHMC@DF_PHMC_SALES(1.0),Pharmaceuticals sales,I,SWE,Sweden,PH_SALES,Pharmaceutical sales,USD_PPP_PS,"US dollars per person, PPP converted",_Z,Not applicable,_T,Total,2020,,584.3,,,,,,,,0,Units,,
DATAFLOW,OECD.ELS.HD:HEALTH_PHMC@DF_PHMC_SALES(1.0),Pharmaceuticals sales,I,SWE,Sweden,PH_SALES,Pharmaceutical sales,USD_PPP_PS,"US dollars per person, PPP converted",_Z,Not applicable,_T,Total,2021,,593.1,,,,,,,,0,Units,,
DATAFLOW,OECD.ELS.HD:HEALTH_PHMC@DF_PHMC_SALES(1.0),Pharmaceuticals sales,I,SWE,Sweden,PH_SALES,Pharmaceutical sales,USD_PPP_PS,"US dollars per person, PPP converted",_Z,Not applicable,_T,Total,2022,,636.4,,,,,,,,0,Units,,
DATAFLOW,OECD.ELS.HD:HEALTH_PHMC@DF_PHMC_SALES(1.0),Pharmaceuticals sales,I,HRV,Croatia,PH_SALES,Pharmaceutical sales,USD_PPP_PS,"US dollars per person, PPP converted",_Z,Not applicable,_T,Total,2010,,2190.6,,,,,,,,0,Units,,
DATAFLOW,OECD.ELS.HD:HEALTH_PHMC@DF_PHMC_SALES(1.0),Pharmaceuticals sales,I,HRV,Croatia,PH_SALES,Pharmaceutical sales,USD_PPP_PS,"US dollars per person, PPP converted",_Z,Not applicable,_T,Total,2011,,2376.9,,,,,,,,0,Units,,
DATAFLOW,OECD.ELS.HD:HEALTH_PHMC@DF_PHMC_SALES(1.0),Pharmaceuticals sales,I,HRV,Croatia,PH_SALES,Pharmaceutical sales,USD_PPP_PS,"US dollars per person, PPP converted",_Z,Not applicable,_T,Total,2012,,2445.1,,,,,,,,0,Units,,
DATAFLOW,OECD.ELS.HD:HEALTH_PHMC@DF_PHMC_SALES(1.0),Pharmaceuticals sales,I,HRV,Croatia,PH_SALES,Pharmaceutical sales,USD_PPP_PS,"US dollars per person, PPP converted",_Z,Not applicable,_T,Total,2013,,2566.5,,,,,,,,0,Units,,
DATAFLOW,OECD.ELS.HD:HEALTH_PHMC@DF_PHMC_SALES(1.0),Pharmaceuticals sales,I,HRV,Croatia,PH_SALES,Pharmaceutical sales,USD_PPP_PS,"US dollars per person, PPP converted",_Z,Not applicable,_T,Total,2014,,2511.6,,,,,,,,0,Units,,
DATAFLOW,OECD.ELS.HD:HEALTH_PHMC@DF_PHMC_SALES(1.0),Pharmaceuticals sales,I,HRV,Croatia,PH_SALES,Pharmaceutical sales,USD_PPP_PS,"US dollars per person, PPP converted",_Z,Not applicable,_T,Total,2015,,2687.5,,,,,,,,0,Units,,
DATAFLOW,OECD.ELS.HD:HEALTH_PHMC@DF_PHMC_SALES(1.0),Pharmaceuticals sales,I,HRV,Croatia,PH_SALES,Pharmaceutical sales,USD_PPP_PS,"US dollars per person, PPP converted",_Z,Not applicable,_T,Total,2016,,3097.3,,,,,,,,0,Units,,
DATAFLOW,OECD.ELS.HD:HEALTH_PHMC@DF_PHMC_SALES(1.0),Pharmaceuticals sales,I,HRV,Croatia,PH_SALES,Pharmaceutical sales,USD_PPP_PS,"US dollars per person, PPP converted",_Z,Not applicable,_T,Total,2017,,3368.9,,,,,,,,0,Units,,
DATAFLOW,OECD.ELS.HD:HEALTH_PHMC@DF_PHMC_SALES(1.0),Pharmaceuticals sales,I,HRV,Croatia,PH_SALES,Pharmaceutical sales,USD_PPP_PS,"US dollars per person, PPP converted",_Z,Not applicable,_T,Total,2018,,3688.3,,,,,,,,0,Units,,
DATAFLOW,OECD.ELS.HD:HEALTH_PHMC@DF_PHMC_SALES(1.0),Pharmaceuticals sales,I,HRV,Croatia,PH_SALES,Pharmaceutical sales,USD_PPP_PS,"US dollars per person, PPP converted",_Z,Not applicable,_T,Total,2019,,4411.2,,,,,,,,0,Units,,
DATAFLOW,OECD.ELS.HD:HEALTH_PHMC@DF_PHMC_SALES(1.0),Pharmaceuticals sales,I,HRV,Croatia,PH_SALES,Pharmaceutical sales,USD_PPP_PS,"US dollars per person, PPP converted",_Z,Not applicable,_T,Total,2020,,4947.8,,,,,,,,0,Units,,
DATAFLOW,OECD.ELS.HD:HEALTH_PHMC@DF_PHMC_SALES(1.0),Pharmaceuticals sales,I,BEL,Belgium,PH_SALES,Pharmaceutical sales,USD_PPP_PS,"US dollars per person, PPP converted",_Z,Not applicable,_T,Total,2010,,645.2,,,,,,,,0,Units,,
DATAFLOW,OECD.ELS.HD:HEALTH_PHMC@DF_PHMC_SALES(1.0),Pharmaceuticals sales,I,AUS,Australia,PH_SALES,Pharmaceutical sales,USD_PPP_PS,"US dollars per person, PPP converted",_Z,Not applicable,_T,Total,2010,,295.7,,D,Definition differs,,,,,0,Units,,
DATAFLOW,OECD.ELS.HD:HEALTH_PHMC@DF_PHMC_SALES(1.0),Pharmaceuticals sales,I,ISL,Iceland,PH_SALES,Pharmaceutical sales,USD_PPP_PS,"US dollars per person, PPP converted",_Z,Not applicable,_T,Total,2010,,591.9,,,,,,,,0,Units,,
DATAFLOW,OECD.ELS.HD:HEALTH_PHMC@DF_PHMC_SALES(1.0),Pharmaceuticals sales,I,IRL,Ireland,PH_SALES,Pharmaceutical sales,USD_PPP_PS,"US dollars per person, PPP converted",_Z,Not applicable,_T,Total,2010,,529.7,,D,Definition differs,,,,,0,Units,,
DATAFLOW,OECD.ELS.HD:HEALTH_PHMC@DF_PHMC_SALES(1.0),Pharmaceuticals sales,I,SVN,Slovenia,PH_SALES,Pharmaceutical sales,USD_PPP_PS,"US dollars per person, PPP converted",_Z,Not applicable,_T,Total,2012,,364.2,,,,,,,,0,Units,,
DATAFLOW,OECD.ELS.HD:HEALTH_PHMC@DF_PHMC_SALES(1.0),Pharmaceuticals sales,I,ROU,Romania,PH_SALES,Pharmaceutical sales,USD_PPP_PS,"US dollars per person, PPP converted",_Z,Not applicable,_T,Total,2022,,40279.7,,,,,,,,0,Units,,
DATAFLOW,OECD.ELS.HD:HEALTH_PHMC@DF_PHMC_SALES(1.0),Pharmaceuticals sales,I,DNK,Denmark,PH_SALES,Pharmaceutical sales,USD_PPP_PS,"US dollars per person, PPP converted",_Z,Not applicable,_T,Total,2010,,503,,,,,,,,0,Units,,
DATAFLOW,OECD.ELS.HD:HEALTH_PHMC@DF_PHMC_SALES(1.0),Pharmaceuticals sales,I,SVK,Slovak Republic,PH_SALES,Pharmaceutical sales,USD_PPP_PS,"US dollars per person, PPP converted",_Z,Not applicable,_T,Total,2010,,409.1,,D,Definition differs,,,,,0,Units,,
DATAFLOW,OECD.ELS.HD:HEALTH_PHMC@DF_PHMC_SALES(1.0),Pharmaceuticals sales,I,LUX,Luxembourg,PH_SALES,Pharmaceutical sales,USD_PPP_PS,"US dollars per person, PPP converted",_Z,Not applicable,_T,Total,2010,,432.6,,D,Definition differs,,,,,0,Units,,
DATAFLOW,OECD.ELS.HD:HEALTH_PHMC@DF_PHMC_SALES(1.0),Pharmaceuticals sales,I,PRT,Portugal,PH_SALES,Pharmaceutical sales,USD_PPP_PS,"US dollars per person, PPP converted",_Z,Not applicable,_T,Total,2010,,491.4,,D,Definition differs,,,,,0,Units,,
DATAFLOW,OECD.ELS.HD:HEALTH_PHMC@DF_PHMC_SALES(1.0),Pharmaceuticals sales,I,GBR,United Kingdom,PH_SALES,Pharmaceutical sales,USD_PPP_PS,"US dollars per person, PPP converted",_Z,Not applicable,_T,Total,2010,,298.5,,B,Time series break,,,,,0,Units,,
DATAFLOW,OECD.ELS.HD:HEALTH_PHMC@DF_PHMC_SALES(1.0),Pharmaceuticals sales,I,JPN,Japan,PH_SALES,Pharmaceutical sales,USD_PPP_PS,"US dollars per person, PPP converted",_Z,Not applicable,_T,Total,2010,,473.9,,D,Definition differs,,,,,0,Units,,
DATAFLOW,OECD.ELS.HD:HEALTH_PHMC@DF_PHMC_SALES(1.0),Pharmaceuticals sales,I,CHL,Chile,PH_SALES,Pharmaceutical sales,USD_PPP_PS,"US dollars per person, PPP converted",_Z,Not applicable,_T,Total,2010,,134.5,,,,,,,,0,Units,,
DATAFLOW,OECD.ELS.HD:HEALTH_PHMC@DF_PHMC_SALES(1.0),Pharmaceuticals sales,I,FRA,France,PH_SALES,Pharmaceutical sales,USD_PPP_PS,"US dollars per person, PPP converted",_Z,Not applicable,_T,Total,2013,,502,,D,Definition differs,,,,,0,Units,,
DATAFLOW,OECD.ELS.HD:HEALTH_PHMC@DF_PHMC_SALES(1.0),Pharmaceuticals sales,I,ITA,Italy,PH_SALES,Pharmaceutical sales,USD_PPP_PS,"US dollars per person, PPP converted",_Z,Not applicable,_T,Total,2011,,428.5,,,,,,,,0,Units,,
DATAFLOW,OECD.ELS.HD:HEALTH_PHMC@DF_PHMC_SALES(1.0),Pharmaceuticals sales,I,EST,Estonia,PH_SALES,Pharmaceutical sales,USD_PPP_PS,"US dollars per person, PPP converted",_Z,Not applicable,_T,Total,2010,,284.7,,,,,,,,0,Units,,
DATAFLOW,OECD.ELS.HD:HEALTH_PHMC@DF_PHMC_SALES(1.0),Pharmaceuticals sales,I,TUR,Türkiye,PH_SALES,Pharmaceutical sales,USD_PPP_PS,"US dollars per person, PPP converted",_Z,Not applicable,_T,Total,2010,,231.6,,,,,,,,0,Units,,
DATAFLOW,OECD.ELS.HD:HEALTH_PHMC@DF_PHMC_SALES(1.0),Pharmaceuticals sales,I,MEX,Mexico,PH_SALES,Pharmaceutical sales,USD_PPP_PS,"US dollars per person, PPP converted",_Z,Not applicable,_T,Total,2018,,196.2,,,,,,,,0,Units,,
DATAFLOW,OECD.ELS.HD:HEALTH_PHMC@DF_PHMC_SALES(1.0),Pharmaceuticals sales,I,NZL,New Zealand,PH_SALES,Pharmaceutical sales,USD_PPP_PS,"US dollars per person, PPP converted",_Z,Not applicable,_T,Total,2010,,115,,D,Definition differs,,,,,0,Units,,
DATAFLOW,OECD.ELS.HD:HEALTH_PHMC@DF_PHMC_SALES(1.0),Pharmaceuticals sales,I,DEU,Germany,PH_SALES,Pharmaceutical sales,USD_PPP_PS,"US dollars per person, PPP converted",_Z,Not applicable,_T,Total,2010,,451.5,,D,Definition differs,,,,,0,Units,,
DATAFLOW,OECD.ELS.HD:HEALTH_PHMC@DF_PHMC_SALES(1.0),Pharmaceuticals sales,I,ESP,Spain,PH_SALES,Pharmaceutical sales,USD_PPP_PS,"US dollars per person, PPP converted",_Z,Not applicable,_T,Total,2010,,391.1,,D,Definition differs,,,,,0,Units,,
DATAFLOW,OECD.ELS.HD:HEALTH_PHMC@DF_PHMC_SALES(1.0),Pharmaceuticals sales,I,NLD,Netherlands,PH_SALES,Pharmaceutical sales,USD_PPP_PS,"US dollars per person, PPP converted",_Z,Not applicable,_T,Total,2010,,367.4,,D,Definition differs,,,,,0,Units,,
DATAFLOW,OECD.ELS.HD:HEALTH_PHMC@DF_PHMC_SALES(1.0),Pharmaceuticals sales,I,CZE,Czechia,PH_SALES,Pharmaceutical sales,USD_PPP_PS,"US dollars per person, PPP converted",_Z,Not applicable,_T,Total,2010,,566.5,,,,,,,,0,Units,,
DATAFLOW,OECD.ELS.HD:HEALTH_PHMC@DF_PHMC_SALES(1.0),Pharmaceuticals sales,I,LVA,Latvia,PH_SALES,Pharmaceutical sales,USD_PPP_PS,"US dollars per person, PPP converted",_Z,Not applicable,_T,Total,2010,,270.3,,D,Definition differs,,,,,0,Units,,
DATAFLOW,OECD.ELS.HD:HEALTH_PHMC@DF_PHMC_SALES(1.0),Pharmaceuticals sales,I,AUT,Austria,PH_SALES,Pharmaceutical sales,USD_PPP_PS,"US dollars per person, PPP converted",_Z,Not applicable,_T,Total,2010,,354,,D,Definition differs,,,,,0,Units,,
DATAFLOW,OECD.ELS.HD:HEALTH_PHMC@DF_PHMC_SALES(1.0),Pharmaceuticals sales,I,CHE,Switzerland,PH_SALES,Pharmaceutical sales,USD_PPP_PS,"US dollars per person, PPP converted",_Z,Not applicable,_T,Total,2018,,658.1,,D,Definition differs,,,,,0,Units,,
DATAFLOW,OECD.ELS.HD:HEALTH_PHMC@DF_PHMC_SALES(1.0),Pharmaceuticals sales,I,FIN,Finland,PH_SALES,Pharmaceutical sales,USD_PPP_PS,"US dollars per person, PPP converted",_Z,Not applicable,_T,Total,2010,,389.3,,,,,,,,0,Units,,
DATAFLOW,OECD.ELS.HD:HEALTH_PHMC@DF_PHMC_SALES(1.0),Pharmaceuticals sales,I,NOR,Norway,PH_SALES,Pharmaceutical sales,USD_PPP_PS,"US dollars per person, PPP converted",_Z,Not applicable,_T,Total,2010,,399.8,,,,,,,,0,Units,,
DATAFLOW,OECD.ELS.HD:HEALTH_PHMC@DF_PHMC_SALES(1.0),Pharmaceuticals sales,I,KOR,Korea,PH_SALES,Pharmaceutical sales,USD_PPP_PS,"US dollars per person, PPP converted",_Z,Not applicable,_T,Total,2010,,487.7,,,,,,,,0,Units,,
DATAFLOW,OECD.ELS.HD:HEALTH_PHMC@DF_PHMC_SALES(1.0),Pharmaceuticals sales,I,CAN,Canada,PH_SALES,Pharmaceutical sales,USD_PPP_PS,"US dollars per person, PPP converted",_Z,Not applicable,_T,Total,2013,,572.4,,D,Definition differs,,,,,0,Units,,
DATAFLOW,OECD.ELS.HD:HEALTH_PHMC@DF_PHMC_SALES(1.0),Pharmaceuticals sales,I,HUN,Hungary,PH_SALES,Pharmaceutical sales,USD_PPP_PS,"US dollars per person, PPP converted",_Z,Not applicable,_T,Total,2010,,394,,D,Definition differs,,,,,0,Units,,
DATAFLOW,OECD.ELS.HD:HEALTH_PHMC@DF_PHMC_SALES(1.0),Pharmaceuticals sales,I,SWE,Sweden,PH_SALES,Pharmaceutical sales,USD_PPP_PS,"US dollars per person, PPP converted",_Z,Not applicable,_T,Total,2010,,426,,,,,,,,0,Units,,
DATAFLOW,OECD.ELS.HD:HEALTH_PHMC@DF_PHMC_SALES(1.0),Pharmaceuticals sales,I,HRV,Croatia,PH_SALES,Pharmaceutical sales,USD_PPP_PS,"US dollars per person, PPP converted",_Z,Not applicable,_T,Total,2021,,5890.4,,,,,,,,0,Units,,
